Species,head_bodylength,hindfoot_length,weight,Mean_Temp,Max_Temp,Min_temp,Lat.mid,Habitat,Loc_niche,bl_impact,residuals
Abeomelomys sevia,122,27,54,16.1,22.8,9.3,-6,Forest,Terrestrial,27.147328812896117,-0.14732881289611655
Acomys johannis,105,18,37,27.9,37,17,12,Savanna,Terrestrial,23.934271347945604,-5.934271347945604
Acomys minous,116,19,53,16.4,27.5,4.7,35.23,Forest,Terrestrial,26.013308531148876,-7.013308531148876
Acomys muzei,86,16,19,22,29.8,13.3,-6.68,Savanna,Terrestrial,20.343207122412675,-4.343207122412675
Acomys nesiotes,118,20,52,18.2,32,4.4,35.05,Rocky Areas,Terrestrial,26.39131529173129,-6.3913152917312885
Acomys ngurui,91,15,23,23.9,31.1,16,-8.63,Forest,Terrestrial,21.288224023868707,-6.2882240238687075
Acomys percivali,97,13,30,25.2,32.5,17.4,3.11,Savanna,Terrestrial,22.422244305615948,-9.422244305615948
Acomys russatus,109,19,37,24.2,37.2,9.6,22.12,Rocky Areas,Terrestrial,24.690284869110428,-5.690284869110428
Aethomys hindei,158,32,146,24.5,31.6,16.6,4.12,Savanna,Terrestrial,33.95145050337956,-1.9514505033795615
Aethomys ineptus,147,30,82,17.8,31.1,2.9,-27.13,Grassland,Terrestrial,31.872413320176285,-1.8724133201762854
Aethomys kaiseri,146,25,96,21.8,29.7,12.7,-7.52,Savanna,Terrestrial,31.683409939885077,-6.6834099398850775
Aethomys nyikae,143,29,90,21.4,30.8,10.4,-10.62,Forest,Terrestrial,31.116399799011457,-2.1163997990114574
Apodemus alpicola,102,24,31,3.8,15.8,-8.3,46.52,Forest,Terrestrial,23.367261207071984,0.6327387929280164
Apodemus epimelas,125,26,56,12.6,26.3,-2.5,40.29,Rocky Areas,Terrestrial,27.714338953769737,-1.7143389537697367
Apodemus semotus,101,24,33,19.6,28,10.1,23.74,Forest,Terrestrial,23.178257826780776,0.8217421732192243
Apomys abrae,140,36,69,21.1,27.4,14,17.1,Forest,Terrestrial,30.549389658137837,5.450610341862163
Apomys aurorae,140,35,78,24.5,30.4,18,15.63,Forest,Terrestrial,30.549389658137837,4.450610341862163
Apomys banahao,138,36,79,22.8,28.6,16.8,14.05,Forest,Terrestrial,30.171382897555425,5.828617102444575
Apomys brownorum,131,34,73,21.3,27.3,14.9,15.47,Forest,Terrestrial,28.848359235516977,5.151640764483023
Apomys camiguinensis,110,33,40,25.6,31.5,19.5,9.18,Forest,Terrestrial,24.879288249401636,8.120711750598364
Apomys datae,136,36,84,21.2,27.4,14,17.28,Forest,Terrestrial,29.79337613697301,6.206623863026991
Apomys gracilirostris,150,38,88,22.4,28.3,16.4,13.22,Forest,Terrestrial,32.439423461049905,5.5605765389500945
Apomys hylocetes,112,30,45,22.7,29.5,15.4,7.86,Forest,Terrestrial,25.25729500998405,4.742704990015952
Apomys insignis,98,30,31,26,31.9,20.1,7.68,Forest,Terrestrial,22.611247685907156,7.388752314092844
Apomys iridensis,148,38,96,24.8,30.7,18.6,14.89,Forest,Terrestrial,32.06141670046749,5.93858329953251
Apomys littoralis,99,25,22,25.6,31.9,19.3,7.47,Forest,Terrestrial,22.800251066198364,2.1997489338016365
Apomys lubangensis,136,39,90,27,32.3,22.3,13.78,Forest,Terrestrial,29.79337613697301,9.20662386302699
Apomys magnus,147,40,104,22.9,28.8,16.9,14.06,Forest,Terrestrial,31.872413320176285,8.127586679823715
Apomys microdon,107,27,36,24.4,30.3,17.9,15.86,Forest,Terrestrial,24.312278108528016,2.687721891471984
Apomys minganensis,137,33,75,24.1,30,17.6,15.61,Forest,Terrestrial,29.982379517264217,3.017620482735783
Apomys musculus,88,22,20,24.3,30.2,18.1,15.04,Forest,Terrestrial,20.721213882995087,1.2787861170049126
Apomys sacobianus,154,38,92,24.9,31,18.9,15.14,Forest,Terrestrial,33.19543698221473,4.80456301778527
Apomys sierrae,140,36,82,23.5,29.5,16.6,16.87,Forest,Terrestrial,30.549389658137837,5.450610341862163
Apomys zambalensis,143,38,88,24.8,30.8,19,15.32,Forest,Terrestrial,31.116399799011457,6.883600200988543
Arvicanthis blicki,127,29,98,13.4,21.4,4.5,7.05,Grassland,Terrestrial,28.09234571435215,0.9076542856478511
Arvicanthis neumanni,146,28,85,24.1,32,15.8,2.95,Savanna,Terrestrial,31.683409939885077,-3.6834099398850775
Arvicanthis niloticus,141,31,102,25.6,35.1,15,8.82,Savanna,Terrestrial,30.738393038429045,0.26160696157095487
Arvicanthis rufinus,144,33,103,26.3,33.2,18.2,8.09,Savanna,Terrestrial,31.305403179302665,1.6945968206973347
Bandicota bengalensis,195,35,244,24.8,35.9,12.2,21.17,Forest,Terrestrial,40.944575574154214,-5.944575574154214
Batomys granti,202,36,179,19.3,25.7,12.1,17.07,Forest,Terrestrial,42.26759923619266,-6.267599236192659
Batomys hamiguitan,183,35,173,24.1,30.2,17.9,6.73,Forest,NA,38.67653501065973,-3.6765350106597268
Batomys russatus,151,30,115,26.9,31.8,21.6,10.15,Forest,Terrestrial,32.62842684134111,-2.62842684134111
Batomys salomonseni,185,37,190,25.4,31.1,19.4,9.47,Forest,Terrestrial,39.05454177124214,-2.0545417712421425
Batomys uragon,186,37,168,23.3,28.7,17.4,13.66,Forest,Terrestrial,39.24354515153335,-2.243545151533347
Berylmys berdmorei,204,42,238,24.8,32,15.9,16.61,Forest,Terrestrial,42.645605996775075,-0.6456059967750747
Berylmys bowersi,266,59,407,19.9,30.1,8.4,22.43,Forest,Terrestrial,54.363815574829886,4.636184425170114
Bullimus bagobus,226,64,396,26.1,31.8,20.2,8.39,Forest,Terrestrial,46.80368036318162,17.19631963681838
Bullimus gamay,234,52,368,26.4,32,20.8,9.17,Forest,Terrestrial,48.315707405511276,3.684292594488724
Bullimus luzonicus,249,52,444,23.8,29.9,17,16.23,Forest,Terrestrial,51.150758109879376,0.8492418901206236
Bunomys fratrorum,174,40,175,24.4,29,19.8,1.01,Forest,Terrestrial,36.975504588038866,3.0244954119611336
Bunomys karokophilus,172,39,162,22.1,27.4,16.5,-1.35,Forest,Terrestrial,36.59749782745646,2.4025021725435423
Bunomys torajae,183,38,113,16.2,21.9,10.4,-2.87,Forest,Terrestrial,38.67653501065973,-0.6765350106597268
Carpomys melanurus,182,33,165,19.6,25.8,12.6,16.54,Forest,Arboreal,38.48753163036852,-5.487531630368522
Carpomys phaeurus,170,32,123,18.8,25.2,11.4,17.08,Forest,Arboreal,36.21949106687404,-4.219491066874042
Chiropodomys major,104,24,42,26.4,31.9,20.9,3.56,Forest,Arboreal,23.745267967654396,0.25473203234560415
Chiruromys forbesi,121,29,73,24.6,30.1,18.6,-8.83,Forest,Arboreal,26.95832543260491,2.0416745673950913
Chiruromys vates,110,24,46,24.9,31.6,17.6,-7.45,Forest,Arboreal,24.879288249401636,-0.8792882494016361
Chrotomys gonzalesi,167,36,122,24.2,29.4,18.3,13.69,Forest,Terrestrial,35.65248092600042,0.34751907399957815
Chrotomys sibuyanensis,160,34,104,24.1,29.5,18.5,12.41,Forest,Terrestrial,34.32945726396198,-0.3294572639619773
Chrotomys silaceus,148,35,84,18.9,25.3,11.6,17.07,Forest,Terrestrial,32.06141670046749,2.9385832995325103
Chrotomys whiteheadi,190,43,238,21.9,28.3,14.7,17.04,Forest,Terrestrial,39.99955867269818,3.0004413273018216
Crateromys heaneyi,280,64,124,25.1,30.9,19.3,11.26,Forest,Arboreal,57.00986289890678,6.990137101093218
Crateromys schadenbergi,336,72,1450,18.6,25,11.4,16.85,Forest,Arboreal,67.59405219521436,4.40594780478564
Crunomys celebensis,141,26,45,18.9,24.6,13.2,-2.34,Forest,Terrestrial,30.738393038429045,-4.738393038429045
Crunomys melanius,110,26,54,25.6,31.8,19.4,7.33,Forest,Terrestrial,24.879288249401636,1.120711750598364
Crunomys suncoides,108,27,37,20.3,27.2,12.8,8.13,Forest,Terrestrial,24.501281488819224,2.498718511180776
Dasymys foxi,157,34,118,25,33.8,14.6,10.03,Savanna,Terrestrial,33.76244712308835,0.23755287691164995
Dasymys montanus,145,30,85,13.5,18.2,8.6,0.37,Forest,Terrestrial,31.49440655959387,-1.4944065595938696
Dasymys rufulus,144,33,78,26.5,33.6,18.1,8.73,Savanna,Terrestrial,31.305403179302665,1.6945968206973347
Dendromus insignis,84,20,14,15.1,20.9,8.9,0.98,Forest,Terrestrial,19.965200361830263,0.03479963816973708
Dendromus kahuziensis,80,22,11,14.1,18.3,9.6,-2.2,Forest,Terrestrial,19.209186840665435,2.790813159334565
Dendromus kivu,74,19,10,16.4,21.9,10.8,-1.32,Forest,Terrestrial,18.075166558918195,0.9248334410818053
Dendromus lovati,74,18,16,15.1,23.8,5.9,10.21,Grassland,Terrestrial,18.075166558918195,-0.07516655891819468
Dendromus melanotis,69,18,7,20.7,31.6,8,-16.18,Savanna,Terrestrial,17.130149657462162,0.8698503425378377
Dendromus messorius,60,17,8,23.3,29.5,16.5,3.42,Grassland,Terrestrial,15.429119234841302,1.570880765158698
Dendromus nyikae,67,17,10,21.2,31.2,9.3,-13.02,Savanna,Terrestrial,16.752142896879747,0.24785710312025344
Dendromus oreas,69,19,11,21.6,26.8,16.4,4.42,Grassland,Terrestrial,17.130149657462162,1.8698503425378377
Dendromus ruppi,74,20,11,21.2,27.8,14.3,4.02,Forest,Terrestrial,18.075166558918195,1.9248334410818053
Deomys ferrugineus,137,38,76,23.8,29.2,17.9,0.48,Forest,Terrestrial,29.982379517264217,8.017620482735783
Dephomys defua,126,26,47,25.9,32.1,18.7,6.75,Forest,Arboreal,27.903342334060945,-1.9033423340609446
Desmodillus auricularis,109,25,46,19.6,33.1,4.1,-25.16,Desert,Terrestrial,24.690284869110428,0.3097151308895718
Desmomys harringtoni,136,28,65,19,27.6,9.6,9.45,Savanna,Scansorial,29.79337613697301,-1.7933761369730092
Desmomys yaldeni,124,28,47,18.7,26.4,10.3,7.51,Forest,Scansorial,27.52533557347853,0.47466442652147123
Dinomys branickii,760,NA,12500,23,28.9,16.6,-5.7,Forest,Terrestrial,147.731485438686,NA
Echiothrix leucura,213,51,274,24.4,29,19.9,1.08,Forest,Terrestrial,44.346636419395935,6.653363580604065
Gerbilliscus boehmi,162,41,146,20.9,29.8,10.5,-9.52,Savanna,Terrestrial,34.707464024544386,6.292535975455614
Gerbilliscus gambiana,157,31,94,27.6,37.8,16.2,13.58,Savanna,Terrestrial,33.76244712308835,-2.76244712308835
Gerbilliscus guineae,141,33,73,26.8,34.9,17.3,10.78,Savanna,Terrestrial,30.738393038429045,2.261606961570955
Gerbilliscus inclusus,156,41,116,23.6,32,14,-14.23,Savanna,Terrestrial,33.573443742797146,7.426556257202854
Gerbilliscus kempi,158,33,101,25.7,33.2,17,7.26,Savanna,Terrestrial,33.95145050337956,-0.9514505033795615
Gerbilliscus robustus,152,35,103,25.5,34.5,15.5,7.63,Savanna,Terrestrial,32.81743022163232,2.1825697783676787
Gerbilliscus validus,167,34,129,23.2,31.9,13.2,-4.73,Savanna,Terrestrial,35.65248092600042,-1.6524809260004218
Gerbillurus paeba,96,27,25,20.1,33.2,4.8,-24.5,Savanna,Terrestrial,22.23324092532474,4.76675907467526
Gerbillurus setzeri,106,32,37,20.2,29.8,9.6,-20.07,Desert,Terrestrial,24.123274728236808,7.876725271763192
Gerbillurus tytonis,99,33,25,18.7,29.5,6.4,-24.97,Desert,Terrestrial,22.800251066198364,10.199748933801636
Gerbillurus vallinus,94,30,36,19.1,33.4,2.9,-27.62,Desert,Terrestrial,21.855234164742328,8.144765835257672
Gerbillus amoenus,80,23,13,22.7,37.4,5.6,25.67,Desert,Terrestrial,19.209186840665435,3.790813159334565
Gerbillus bottai,86,20,23,28.6,40.1,16.1,13.98,Artificial Terrestrial,Terrestrial,20.343207122412675,-0.34320712241267515
Gerbillus campestris,103,27,29,18.9,34.1,2.8,31.2,Desert,Terrestrial,23.556264587363188,3.443735412636812
Gerbillus cosensis,100,26,32,25.1,32.1,17.8,2.27,Desert,Terrestrial,22.989254446489568,3.010745553510432
Gerbillus dasyurus,91,25,24,23.3,38.6,5.7,26.8,Desert,Terrestrial,21.288224023868707,3.7117759761312925
Gerbillus dunni,98,30,39,26.7,35.3,17.9,7.93,Shrubland,Terrestrial,22.611247685907156,7.388752314092844
Gerbillus floweri,117,35,54,20,33.9,3.8,29.89,Desert,Terrestrial,26.202311911440084,8.797688088559916
Gerbillus harwoodi,75,20,14,20.2,27.4,12.2,-3.01,Savanna,Terrestrial,18.264169939209403,1.7358300607905974
Gerbillus lowei,104,26,36,21.1,31.5,8.2,13,Rocky Areas,Terrestrial,23.745267967654396,2.254732032345604
Gerbillus maghrebi,112,27,43,16.9,30.4,3.5,33.66,Grassland,Terrestrial,25.25729500998405,1.7427049900159517
Gerbillus nancillus,65,18,9,28.1,39.9,14.5,15.15,Grassland,Terrestrial,16.374136136297334,1.6258638637026657
Gerbillus nigeriae,93,27,26,26.1,37.2,13.9,19.16,Desert,Terrestrial,21.66623078445112,5.33376921554888
Gerbillus percivali,75,20,14,22.6,30,14.8,-3.35,Savanna,Terrestrial,18.264169939209403,1.7358300607905974
Gerbillus perpallidus,107,33,36,20.6,33.5,5.7,30.38,Desert,Terrestrial,24.312278108528016,8.687721891471984
Gerbillus pusillus,66,20,15,25,32.8,16.9,4.13,Savanna,Terrestrial,16.563139516588542,3.436860483411458
Gerbillus rosalinda,97,25,28,27.4,38.5,15.3,12.3,Grassland,Terrestrial,22.422244305615948,2.5777556943840523
Gerbillus rupicola,101,26,36,28.2,40.2,15,15.41,Grassland,Terrestrial,23.178257826780776,2.8217421732192243
Gerbillus simoni,81,21,17,18.1,32.9,2.2,33.82,Desert,Terrestrial,19.398190220956643,1.6018097790433572
Grammomys aridulus,114,23,43,23.3,34.6,9.4,13.14,Shrubland,Arboreal,25.635301770566464,-2.635301770566464
Grammomys caniceps,97,21,28,26.6,31.9,20.3,0.4,Shrubland,Arboreal,22.422244305615948,-1.4222443056159477
Grammomys cometes,118,24,52,21.8,32.3,10.2,-24.59,Savanna,Arboreal,26.39131529173129,-2.3913152917312885
Grammomys dolichurus,112,24,35,21.6,30.2,11.7,-10.27,Savanna,Arboreal,25.25729500998405,-1.2572950099840483
Grammomys dryas,112,24,43,16.8,22.3,11.1,-1.43,Forest,Arboreal,25.25729500998405,-1.2572950099840483
Grammomys ibeanus,120,26,47,19.5,27.2,11.1,-4.67,Savanna,Arboreal,26.769322052313704,-0.7693220523137043
Grammomys kuru,114,25,53,24.3,29.8,18.1,2.37,Forest,Arboreal,25.635301770566464,-0.6353017705664641
Grammomys macmillani,105,24,34,24.9,32.4,16.3,2.82,Savanna,Arboreal,23.934271347945604,0.06572865205439626
Hadromys yunnanensis,132,26,59,19.6,29.5,8.1,24.27,Unknown,Terrestrial,29.037362615808185,-3.037362615808185
Haeromys minahassae,76,20,14,24.8,29.5,20.1,0.54,Forest,Arboreal,18.453173319500607,1.546826680499393
Hybomys badius,122,29,64,18.1,23.6,13.1,4.25,Forest,Terrestrial,27.147328812896117,1.8526711871038835
Hybomys basilii,137,31,86,19.7,24.9,15.1,3.48,Forest,Terrestrial,29.982379517264217,1.0176204827357829
Hybomys planifrons,124,31,51,25.5,32.7,17.5,7.54,Forest,Terrestrial,27.52533557347853,3.4746644265214712
Hybomys trivirgatus,124,32,56,25.8,32,18.6,6.51,Forest,Terrestrial,27.52533557347853,4.474664426521471
Hybomys univittatus,114,29,51,24.1,29.7,18.1,0.14,Forest,Terrestrial,25.635301770566464,3.364698229433536
Hydromys chrysogaster,272,58,632,21.9,32.7,9.6,-21.7,Forest,Semi aquatic,55.497835856577126,2.502164143422874
Hylomyscus aeta,94,21,25,24,29.8,17.7,0.8,Forest,Arboreal,21.855234164742328,-0.8552341647423276
Hylomyscus alleni,90,19,18,25,30.8,18.4,3.25,Forest,Arboreal,21.0992206435775,-2.0992206435774996
Hylomyscus anselli,101,21,28,20,29.7,8.5,-11.09,Forest,Arboreal,23.178257826780776,-2.1782578267807757
Hylomyscus arcimontensis,90,20,19,21.7,29.3,13.4,-7.05,Forest,Arboreal,21.0992206435775,-1.0992206435774996
Hylomyscus denniae,102,21,32,20.7,26.4,15,0.57,Forest,Arboreal,23.367261207071984,-2.3672612070719836
Hylomyscus endorobae,102,22,28,15.1,21.6,8,0.53,Forest,Arboreal,23.367261207071984,-1.3672612070719836
Hylomyscus grandis,97,20,33,18.2,23.9,11.1,6.21,Forest,Arboreal,22.422244305615948,-2.4222443056159477
Hylomyscus kerbispeterhansi,92,20,24,19.3,26.1,11.9,0.52,Forest,Arboreal,21.477227404159915,-1.4772274041599154
Hylomyscus parvus,67,15,13,24,29.7,17.8,3.11,Forest,Arboreal,16.752142896879747,-1.7521428968797466
Hylomyscus stella,85,17,20,22,27.6,16.3,0.24,Forest,Arboreal,20.154203742121467,-3.1542037421214673
Hylomyscus vulcanorum,95,20,22,17.4,23,11.5,-2.11,Forest,Arboreal,22.044237545033535,-2.0442375450335355
Leggadina forresti,87,14,19,22.9,37.3,6.5,-24.61,Grassland,Terrestrial,20.53221050270388,-6.5322105027038795
Leggadina lakedownensis,72,15,20,26.1,37.8,12.5,-18.02,Savanna,Terrestrial,17.697159798335782,-2.6971597983357825
Leimacomys buettneri,118,23,30,25,31.8,16.8,8.26,Unknown,Terrestrial,26.39131529173129,-3.3913152917312885
Lemniscomys barbarus,100,24,90,17,30.5,3.4,34.33,Shrubland,Terrestrial,22.989254446489568,1.0107455535104322
Lemniscomys bellieri,109,25,36,26.7,33.6,18.7,9.21,Savanna,Terrestrial,24.690284869110428,0.3097151308895718
Lemniscomys linulus,107,26,27,26.7,35.2,16.7,11.03,Savanna,Terrestrial,24.312278108528016,1.687721891471984
Lemniscomys rosalia,126,26,54,21.9,32.6,9,-17.66,Savanna,Terrestrial,27.903342334060945,-1.9033423340609446
Lemniscomys striatus,122,28,45,24.1,31,16.3,2.13,Savanna,Terrestrial,27.147328812896117,0.8526711871038835
Lemniscomys zebra,104,27,38,25.9,34.5,15.9,8,Savanna,Terrestrial,23.745267967654396,3.254732032345604
Lenomys meyeri,262,46,252,24,29,18.9,-1.67,Forest,Scansorial,53.60780205366506,-7.607802053665061
Lenothrix canus,192,34,150,26,31.3,20.5,3.41,Forest,Arboreal,40.37756543328059,-6.377565433280587
Leopoldamys ciliatus,235,50,362,22.9,28.4,17.6,1.31,Forest,Terrestrial,48.50471078580248,1.4952892141975198
Leopoldamys milleti,252,NA,425,20.3,26.9,13.3,12.15,Forest,Terrestrial,51.717768250753,NA
Leopoldamys neilli,218,42,220,26.2,33.6,17.1,16.43,Forest,Terrestrial,45.291653320851964,-3.291653320851964
Leporillus conditor,172,45,408,18.5,31.3,4,-32.61,Shrubland,Terrestrial,36.59749782745646,8.402502172543542
Leptomys elegans,157,36,79,23.7,29.9,17,-8.25,Forest,Terrestrial,33.76244712308835,2.23755287691165
Leptomys ernstmayri,139,38,59,22,28.3,15.2,-6.03,Forest,Terrestrial,30.36038627784663,7.639613722153371
Leptomys paulus,125,34,42,19.7,25.4,13.5,-9.68,Forest,NA,27.714338953769737,6.285661046230263
Leptomys signatus,148,40,80,24.8,31.6,17.4,-7.26,Forest,Terrestrial,32.06141670046749,7.93858329953251
Limnomys bryophilus,130,33,64,20.5,27.2,13.4,8.02,Forest,Scansorial,28.65935585522577,4.340644144774231
Limnomys sibuanus,127,30,64,22.5,29,15.7,7.68,Forest,Scansorial,28.09234571435215,1.9076542856478511
Lophuromys brevicaudus,114,21,43,12.5,20.4,3.7,7.21,Shrubland,Terrestrial,25.635301770566464,-4.635301770566464
Lophuromys chercherensis,128,23,61,17.7,27.1,7.9,9.32,Forest,Terrestrial,28.281349094643357,-5.281349094643357
Lophuromys chrysopus,114,21,43,20,27.7,11.6,6.48,Forest,Terrestrial,25.635301770566464,-4.635301770566464
Lophuromys cinereus,122,24,52,14.7,19.2,9.9,-2.26,Forest,Terrestrial,27.147328812896117,-3.1473288128961165
Lophuromys dieterleni,123,22,61,18,23.7,11,6.21,Forest,Terrestrial,27.336332193187324,-5.336332193187324
Lophuromys luteogaster,102,21,34,23.1,28.5,17.5,0.27,Forest,Terrestrial,23.367261207071984,-2.3672612070719836
Lophuromys machangui,123,21,52,21.1,29.5,11.7,-11.6,Savanna,Terrestrial,27.336332193187324,-6.336332193187324
Lophuromys makundii,125,22,49,16,23.1,7.5,-4.44,Forest,Terrestrial,27.714338953769737,-5.714338953769737
Lophuromys medicaudatus,103,21,35,15.6,20.7,10.3,-1.84,Forest,Terrestrial,23.556264587363188,-2.556264587363188
Lophuromys melanonyx,146,23,95,12,19.9,3.3,7.26,Shrubland,Terrestrial,31.683409939885077,-8.683409939885077
Lophuromys menageshae,134,22,74,15.6,23.9,7,9.6,Forest,Terrestrial,29.415369376390597,-7.415369376390597
Lophuromys pseudosikapusi,134,24,60,22.1,29.1,14.6,7.01,Forest,Terrestrial,29.415369376390597,-5.415369376390597
Lophuromys rahmi,102,16,32,16.4,21.7,11,-2.01,Forest,Terrestrial,23.367261207071984,-7.367261207071984
Lophuromys roseveari,128,22,64,20.5,26,15.4,4.25,Forest,Terrestrial,28.281349094643357,-6.281349094643357
Lophuromys sabunii,128,22,52,20.8,28.5,11.8,-7.81,Forest,Terrestrial,28.281349094643357,-6.281349094643357
Lophuromys simensis,133,23,57,18,27.5,7.6,12.24,Shrubland,NA,29.22636599609939,-6.226365996099389
Lophuromys stanleyi,118,23,46,10,14.6,5.3,0.38,Forest,Terrestrial,26.39131529173129,-3.3913152917312885
Lophuromys woosnami,121,26,47,18.4,23.9,12.7,-2.05,Forest,Terrestrial,26.95832543260491,-0.9583254326049087
Macruromys major,241,53,350,18.8,25.2,12.1,-6.34,Forest,Terrestrial,49.63873106754972,3.3612689324502796
Malacomys cansdalei,144,43,82,25.9,31.7,19.1,6,Forest,Terrestrial,31.305403179302665,11.694596820697335
Malacomys edwardsi,133,33,59,26,32.2,18.9,6.72,Forest,Terrestrial,29.22636599609939,3.773634003900611
Malacomys longipes,138,35,68,24.1,29.7,18.1,1.06,Forest,Terrestrial,30.171382897555425,4.828617102444575
Mallomys aroaensis,364,67,1238,19,25.5,12.1,-6.65,Forest,Arboreal,72.88614684336814,-5.886146843368138
Mallomys gunung,422,NA,2000,7.3,14.7,0.1,-4.1,Forest,Arboreal,83.84834290025813,NA
Mallomys istapantap,398,NA,1888,16.8,23.5,9.9,-6.14,Forest,Arboreal,79.31226177326917,NA
Mallomys rothschildi,380,65,1158,18.4,24.8,11.8,-5.36,Forest,Arboreal,75.91020092802745,-10.91020092802745
Mammelomys lanosus,162,37,116,18.1,24.4,11.7,-5.31,Forest,Terrestrial,34.707464024544386,2.292535975455614
Margaretamys beccarii,130,28,62,24.9,29.6,20.2,0.53,Forest,Arboreal,28.65935585522577,-0.659355855225769
Margaretamys christinae,111,20,49,20,24.7,14.8,-3.49,Forest,Arboreal,25.068291629692844,-5.068291629692844
Mastomys awashensis,122,24,46,21.2,30.7,11.1,9.34,Savanna,Terrestrial,27.147328812896117,-3.1473288128961165
Mastomys coucha,100,20,31,18.9,32.2,3.6,-24.99,Savanna,Terrestrial,22.989254446489568,-2.989254446489568
Mastomys erythroleucus,138,24,56,26.3,34.9,16.4,9.51,Savanna,Terrestrial,30.171382897555425,-6.171382897555425
Mastomys huberti,136,25,55,27.8,38.1,15.9,13.91,Savanna,Terrestrial,29.79337613697301,-4.793376136973009
Mastomys kollmannspergeri,137,27,95,27.4,38.9,14.1,13.71,Savanna,Terrestrial,29.982379517264217,-2.982379517264217
Mastomys natalensis,113,23,39,24.1,32.5,14.5,-1.31,Savanna,Terrestrial,25.446298390275256,-2.446298390275256
Mastomys shortridgei,120,25,46,22,34,6.6,-17.04,Savanna,Terrestrial,26.769322052313704,-1.7693220523137043
Maxomys alticola,158,33,90,22.8,29.1,16.5,5.74,Forest,Terrestrial,33.95145050337956,-0.9514505033795615
Maxomys baeodon,132,28,63,25.4,31.2,19.5,5.1,Forest,Terrestrial,29.037362615808185,-1.0373626158081848
Maxomys bartelsii,152,34,102,19.1,24.2,14.2,-7.07,Forest,Terrestrial,32.81743022163232,1.1825697783676787
Maxomys ochraceiventer,156,32,97,25.2,31.1,19.3,2.83,Forest,Terrestrial,33.573443742797146,-1.5734437427971457
Maxomys panglima,178,40,182,26.8,31.8,22.2,9.92,Forest,Terrestrial,37.7315181092037,2.268481890796302
Melomys bougainville,141,26,86,25.6,29.7,21.2,-6.38,Forest,Terrestrial,30.738393038429045,-4.738393038429045
Melomys burtoni,113,25,45,25,33.8,14.9,-16.39,Forest,Terrestrial,25.446298390275256,-0.4462983902752562
Melomys cervinipes,134,29,74,20.1,30.2,8.7,-24.89,Forest,Terrestrial,29.415369376390597,-0.415369376390597
Melomys leucogaster,157,32,122,26,32.1,19.3,-6.73,Forest,Terrestrial,33.76244712308835,-1.76244712308835
Melomys matambuai,156,35,158,26.8,30.8,22.9,-2.09,Forest,Terrestrial,33.573443742797146,1.4265562572028543
Melomys paveli,124,24,55,21.7,26.3,16.5,-3.24,Forest,Terrestrial,27.52533557347853,-3.5253355734785288
Meriones shawi,137,33,78,18,32.6,2.2,33.85,Desert,Terrestrial,29.982379517264217,3.017620482735783
Mesembriomys gouldii,288,69,740,25.1,33.7,15.4,-15.04,Forest,Arboreal,58.52188994123644,10.478110058763562
Mesembriomys macrurus,230,50,285,27,36,15.8,-15.38,Forest,Arboreal,47.559693884346444,2.4403061156535557
Micaelamys namaquensis,109,25,40,19.9,32.4,5.4,-23.91,Savanna,Terrestrial,24.690284869110428,0.3097151308895718
Millardia kathleenae,148,28,93,27,35.9,16,21.63,Savanna,Terrestrial,32.06141670046749,-4.06141670046749
Mus bufo,67,15,12,18.6,24.2,12.8,-1.76,Forest,Terrestrial,16.752142896879747,-1.7521428968797466
Mus callewaerti,84,17,16,21.2,29.3,11.7,-8.87,Forest,Terrestrial,19.965200361830263,-2.965200361830263
Mus cookii,86,20,20,21.5,30.3,10.7,22.9,Forest,Terrestrial,20.343207122412675,-0.34320712241267515
Mus fragilicauda,77,15,12,25.2,32.5,15.2,17.1,Forest,Terrestrial,18.642176699791815,-3.642176699791815
Mus indutus,55,13,5,21.5,34.5,5.8,-21.02,Savanna,Terrestrial,14.484102333385266,-1.484102333385266
Mus mahomet,67,15,10,19.1,28.1,9.5,10.18,Savanna,Terrestrial,16.752142896879747,-1.7521428968797466
Mus musculus,88,19,16,12.9,28.6,-4.4,24.17,Forest,Terrestrial,20.721213882995087,-1.7212138829950874
Mus pahari,90,22,22,19.4,28.8,8.3,23,Forest,Terrestrial,21.0992206435775,0.9007793564225004
Mus setulosus,72,15,14,23.8,30.3,16.5,6.19,Forest,Terrestrial,17.697159798335782,-2.6971597983357825
Mus setzeri,54,14,7,22.2,34.7,6.4,-19.04,Savanna,Terrestrial,14.295098953094062,-0.29509895309406176
Mus shortridgei,108,21,35,22.7,30.4,13.1,19.12,Forest,Terrestrial,24.501281488819224,-3.501281488819224
Mus spretus,140,16,14,15.3,29.2,1,37.07,Shrubland,Terrestrial,30.549389658137837,-14.549389658137837
Mus terricolor,68,15,8,25.8,37.9,12.1,22.06,Forest,Terrestrial,16.941146277170954,-1.9411462771709544
Mus vulcani,93,22,20,12.6,17.6,7.7,-7.12,Forest,Terrestrial,21.66623078445112,0.3337692155488803
Myomyscus brockmani,104,21,30,23.7,31.1,15.2,3.73,Savanna,Terrestrial,23.745267967654396,-2.745267967654396
Myomyscus verreauxii,94,22,27,16.7,28,4.5,-33.25,Shrubland,Terrestrial,21.855234164742328,0.1447658352576724
Niviventer cameroni,150,34,94,22.2,27.1,16.9,4.7,Forest,Scansorial,32.439423461049905,1.5605765389500945
Niviventer coninga,172,34,142,20.8,29.2,11.3,23.74,Forest,Scansorial,36.59749782745646,-2.5974978274564577
Niviventer eha,118,31,38,7.1,19.9,-5.8,27.75,Forest,Scansorial,26.39131529173129,4.6086847082687115
Niviventer hinpoon,140,26,60,25.2,31.9,16.6,14.37,Forest,Scansorial,30.549389658137837,-4.549389658137837
Niviventer niviventer,137,30,62,18.7,28.9,7.1,26.9,Forest,Scansorial,29.982379517264217,0.017620482735782872
Niviventer rapit,132,30,55,24.8,30.6,18.9,2.36,Forest,Scansorial,29.037362615808185,0.9626373841918152
Notomys alexis,97,32,24,22.9,37.4,6.3,-25.02,Grassland,Terrestrial,22.422244305615948,9.577755694384052
Notomys aquilo,108,37,38,26.7,34.4,17.7,-13.94,Forest,Terrestrial,24.501281488819224,12.498718511180776
Notomys cervinus,108,34,40,23.8,38.6,6.8,-24.9,Desert,Terrestrial,24.501281488819224,9.498718511180776
Notomys fuscus,98,35,32,22.4,37.7,5.3,-27.74,Grassland,Terrestrial,22.611247685907156,12.388752314092844
Notomys mitchellii,112,37,50,17.8,30.4,3.5,-31.87,Shrubland,Terrestrial,25.25729500998405,11.742704990015952
Otomys angoniensis,155,26,93,19,29.7,6.4,-17.58,Savanna,Terrestrial,33.38444036250594,-7.384440362505941
Otomys auratus,168,29,127,16.2,28.9,1.9,-28.48,Grassland,NA,35.841484306291626,-6.841484306291626
Otomys barbouri,166,27,112,8.9,14.7,3.2,1.15,Forest,Terrestrial,35.46347754570922,-8.463477545709218
Otomys burtoni,156,30,90,16.7,22.3,11.8,4.24,Grassland,Terrestrial,33.573443742797146,-3.5734437427971457
Otomys irroratus,157,29,111,16.8,28.4,4.4,-33.01,Grassland,Terrestrial,33.76244712308835,-4.76244712308835
Otomys karoensis,134,27,108,16.3,28.7,2.9,-32.38,Grassland,Terrestrial,29.415369376390597,-2.415369376390597
Otomys laminatus,188,30,165,17.5,28.4,5.8,-29.73,Grassland,Terrestrial,39.62155191211576,-9.621551912115763
Otomys occidentalis,143,28,77,22.9,29.4,15.4,6.84,Grassland,Terrestrial,31.116399799011457,-3.1163997990114574
Otomys sloggetti,127,28,84,14.1,27.1,-0.6,-30.59,Grassland,Terrestrial,28.09234571435215,-0.09234571435214889
Otomys tropicalis,178,29,111,19.4,25.6,12.9,0.42,Savanna,Terrestrial,37.7315181092037,-8.731518109203698
Otomys typus,145,25,108,18.9,27.6,9.5,8.49,Savanna,Terrestrial,31.49440655959387,-6.49440655959387
Parahydromys asper,225,53,540,18.7,25.1,12,-5.77,Forest,Terrestrial,46.614676982890416,6.3853230171095845
Paraleptomys rufilatus,134,36,58,23.2,27.6,18.5,-3.19,Forest,Terrestrial,29.415369376390597,6.584630623609403
Paramelomys levipes,156,36,127,25.1,31.5,18.2,-8.13,Forest,Terrestrial,33.573443742797146,2.4265562572028543
Paramelomys lorentzii,157,35,134,26.5,32.4,19.9,-6.5,Forest,Terrestrial,33.76244712308835,1.23755287691165
Paramelomys mollis,137,35,80,19.2,25.5,12.7,-5.62,Forest,Terrestrial,29.982379517264217,5.017620482735783
Paramelomys platyops,111,27,43,25.4,30.7,19.5,-4.8,Forest,Terrestrial,25.068291629692844,1.931708370307156
Pelomys fallax,147,32,105,21.9,31,11.2,-11.48,Savanna,Terrestrial,31.872413320176285,0.12758667982371463
Pelomys hopkinsi,122,31,54,18.8,24.7,12.6,-1.68,Wetlands,Terrestrial,27.147328812896117,3.8526711871038835
Pelomys isseli,140,32,72,22.1,27.9,16,0.15,Wetlands,Terrestrial,30.549389658137837,1.4506103418621628
Pelomys minor,122,24,49,22.2,31.3,12,-8.96,Savanna,Terrestrial,27.147328812896117,-3.1473288128961165
Petromyscus collinus,80,16,100,18.8,31.7,4.2,-26.4,Desert,Terrestrial,19.209186840665435,-3.209186840665435
Petromyscus shortridgei,83,16,19,21.6,32.7,8.1,-18.61,Savanna,Terrestrial,19.776196981539055,-3.776196981539055
Phloeomys cumingi,418,80,1950,26.5,31.7,20.8,13.71,Forest,Arboreal,83.0923293790933,-3.0923293790933
Phloeomys pallidus,404,85,2450,23.5,29.7,16.7,16.63,Forest,Arboreal,80.44628205501641,4.553717944983589
Pithecheir parvus,162,26,100,25.8,30.8,20.5,3.71,Forest,Arboreal,34.707464024544386,-8.707464024544386
Praomys daltoni,109,20,34,27.1,35.9,16.7,10.97,Savanna,Scansorial,24.690284869110428,-4.690284869110428
Praomys degraaffi,111,25,39,16.1,21.6,10.2,-2.02,Forest,Scansorial,25.068291629692844,-0.06829162969284397
Praomys delectorum,100,24,29,19.1,27.2,10.2,-9.1,Forest,Scansorial,22.989254446489568,1.0107455535104322
Praomys derooi,97,21,32,26.7,33.3,18.5,8.05,Savanna,Scansorial,22.422244305615948,-1.4222443056159477
Praomys hartwigi,125,26,57,21.3,27.6,14,6.07,Forest,Scansorial,27.714338953769737,-1.7143389537697367
Praomys misonnei,112,24,35,23.6,28.9,18,0.09,Forest,Scansorial,25.25729500998405,-1.2572950099840483
Praomys morio,114,24,43,19.9,25.3,15,4.02,Forest,Scansorial,25.635301770566464,-1.635301770566464
Praomys mutoni,114,22,45,24.1,29.5,18.6,0.41,Forest,Scansorial,25.635301770566464,-3.635301770566464
Praomys obscurus,121,27,47,21.6,28.2,13.9,6.94,Savanna,Scansorial,26.95832543260491,0.041674567395091344
Praomys rostratus,114,26,50,26,32.6,18.4,7.71,Forest,Scansorial,25.635301770566464,0.3646982294335359
Praomys tullbergi,118,27,33,25.8,31.9,18.8,6.61,Forest,Scansorial,26.39131529173129,0.6086847082687115
Praomys verschureni,121,30,51,22.9,28.6,17.1,1.39,Forest,Scansorial,26.95832543260491,3.0416745673950913
Pseudohydromys carlae,96,21,15,15.4,21.9,9.2,-5.95,Forest,Terrestrial,22.23324092532474,-1.2332409253247398
Pseudohydromys ellermani,96,21,17,17.7,24.1,11.1,-5.58,Forest,Terrestrial,22.23324092532474,-1.2332409253247398
Pseudohydromys fuscus,96,22,19,17.8,24.5,10.7,-6.12,Forest,Terrestrial,22.23324092532474,-0.23324092532473983
Pseudohydromys germani,94,21,26,19.7,25.5,13.4,-9.77,Forest,Terrestrial,21.855234164742328,-0.8552341647423276
Pseudohydromys murinus,91,20,17,16.9,23.5,10.1,-6.53,Forest,Terrestrial,21.288224023868707,-1.2882240238687075
Pseudohydromys patriciae,100,20,22,13.5,19.9,7,-4.13,Forest,Terrestrial,22.989254446489568,-2.989254446489568
Pseudohydromys pumehanae,99,22,18,21.7,28.9,13.9,-6.57,Forest,Terrestrial,22.800251066198364,-0.8002510661983635
Pseudohydromys sandrae,102,21,20,24.5,31.3,17.3,-6.12,Forest,Terrestrial,23.367261207071984,-2.3672612070719836
Pseudomys albocinereus,85,22,28,17.7,30.1,3.9,-31.55,Shrubland,Terrestrial,20.154203742121467,1.8457962578785327
Pseudomys apodemoides,74,22,18,15.1,26.5,2.5,-36.23,Shrubland,Terrestrial,18.075166558918195,3.9248334410818053
Pseudomys australis,101,26,42,21.3,35.9,5,-28.5,Grassland,Terrestrial,23.178257826780776,2.8217421732192243
Pseudomys bolami,67,19,16,19.3,33.3,3.7,-30.21,Shrubland,Terrestrial,16.752142896879747,2.2478571031202534
Pseudomys calabyi,85,18,20,27.4,36,17,-13.14,Forest,Terrestrial,20.154203742121467,-2.1542037421214673
Pseudomys chapmani,60,16,12,25.2,39.6,8.4,-22.77,Grassland,Terrestrial,15.429119234841302,0.570880765158698
Pseudomys delicatulus,56,16,9,25,36,12.2,-18.68,Savanna,Terrestrial,14.673105713676474,1.326894286323526
Pseudomys desertor,88,21,22,22.7,36.8,6.7,-25.07,Grassland,Terrestrial,20.721213882995087,0.2787861170049126
Pseudomys fieldi,102,26,40,22.9,32.9,12.4,-25.23,Shrubland,Terrestrial,23.367261207071984,2.6327387929280164
Pseudomys fumeus,114,27,54,10.9,21.2,-0.6,-37.08,Forest,Terrestrial,25.635301770566464,1.364698229433536
Pseudomys gracilicaudatus,122,27,80,20.8,32.1,8.1,-24.2,Forest,Terrestrial,27.147328812896117,-0.14732881289611655
Pseudomys hermannsburgensis,70,17,13,22.8,37.3,6.4,-25.21,Grassland,Terrestrial,17.319153037753367,-0.3191530377533667
Pseudomys higginsi,130,32,70,10.3,18.4,1.1,-42.02,Forest,Terrestrial,28.65935585522577,3.340644144774231
Pseudomys johnsoni,66,16,13,26.2,38.4,11.9,-18.06,Savanna,Terrestrial,16.563139516588542,-0.5631395165885422
Pseudomys nanus,115,25,38,26.8,37.9,13.8,-16.38,Savanna,Terrestrial,25.82430515085767,-0.8243051508576684
Pseudomys novaehollandiae,78,21,20,15.7,25.8,4.2,-32.47,Forest,Terrestrial,18.831180080083023,2.1688199199169773
Pseudomys occidentalis,99,26,42,16.1,27.5,3.3,-33.37,Shrubland,Terrestrial,22.800251066198364,3.1997489338016365
Pseudomys oralis,145,31,88,15.9,26.5,3.8,-29.69,Forest,Terrestrial,31.49440655959387,-0.4944065595938696
Pseudomys patrius,67,18,14,21.9,33.5,8.7,-22.36,Savanna,Terrestrial,16.752142896879747,1.2478571031202534
Pseudomys pilligaensis,76,18,12,17.6,31.4,2.3,-30.75,Forest,Terrestrial,18.453173319500607,-0.4531733195006069
Pseudomys shortridgei,108,26,72,15.2,25.8,3.2,-34.63,Shrubland,Terrestrial,24.501281488819224,1.4987185111807761
Rattus baluensis,169,30,110,20.2,26.6,13.7,6.07,Forest,Terrestrial,36.03048768658284,-6.030487686582838
Rattus blangorum,144,32,82,19.4,25.2,14.2,3.94,Forest,Terrestrial,31.305403179302665,0.6945968206973347
Rattus colletti,160,30,138,27.2,35,18.1,-12.77,Grassland,Terrestrial,34.32945726396198,-4.329457263961977
Rattus everetti,222,46,355,25.7,31.6,19.6,11.95,Forest,Terrestrial,46.047666842016795,-0.047666842016795385
Rattus feliceus,215,46,308,25.5,30.3,20.2,-3.2,Forest,Terrestrial,44.724643179978344,1.2753568200216563
Rattus fuscipes,182,34,101,15.9,26.2,4.2,-32.34,Forest,Terrestrial,38.48753163036852,-4.487531630368522
Rattus hainaldi,133,30,81,20.3,25.5,14.6,-8.64,Forest,Terrestrial,29.22636599609939,0.7736340039006109
Rattus leucopus,158,35,94,26,32.1,19.2,-8.23,Forest,Terrestrial,33.95145050337956,1.0485494966204385
Rattus lutreolus,145,28,78,14.6,24,4,-35.06,Forest,Terrestrial,31.49440655959387,-3.4944065595938696
Rattus nikenii,172,38,134,27,31,22.7,0.46,Forest,Terrestrial,36.59749782745646,1.4025021725435423
Rattus norvegicus,191,39,147,7.4,23.9,-10.5,43.01,Artificial Terrestrial,Terrestrial,40.18856205298938,-1.1885620529893828
Rattus rattus,162,34,120,18.8,31,5.2,20.97,Forest,Terrestrial,34.707464024544386,-0.707464024544386
Rattus sordidus,169,31,165,25.1,33.4,15.9,-14.66,Forest,Terrestrial,36.03048768658284,-5.030487686582838
Rattus timorensis,157,30,112,19.9,26.2,12.9,-9.56,Forest,Terrestrial,33.76244712308835,-3.76244712308835
Rattus tunneyi,136,29,84,24.5,34.6,12.7,-18.48,Savanna,Terrestrial,29.79337613697301,-0.7933761369730092
Rattus vandeuseni,125,31,60,18.4,24.1,12.2,-9.82,Forest,Terrestrial,27.714338953769737,3.2856610462302633
Rattus villosissimus,151,33,144,24.2,37.8,8.6,-22.16,Grassland,Terrestrial,32.62842684134111,0.3715731586588902
Rhabdomys dilectus,111,21,39,18.5,29.2,6.2,-18.25,Savanna,NA,25.068291629692844,-4.068291629692844
Rhabdomys intermedius,111,25,44,16,30.4,-0.1,-31.39,Grassland,NA,25.068291629692844,-0.06829162969284397
Steatomys caurinus,105,16,45,27.4,36.3,17,11.51,Shrubland,Terrestrial,23.934271347945604,-7.934271347945604
Steatomys cuppedius,72,16,12,28,38.5,15.8,13.58,Savanna,Terrestrial,17.697159798335782,-1.6971597983357825
Steatomys jacksoni,101,18,25,26.4,32.8,18.9,7.56,Artificial Terrestrial,Terrestrial,23.178257826780776,-5.178257826780776
Steatomys opimus,120,19,40,24.4,30.6,17.4,4.58,Forest,Terrestrial,26.769322052313704,-7.769322052313704
Steatomys parvus,76,15,13,21.7,31,10.2,-10.29,Savanna,Terrestrial,18.453173319500607,-3.453173319500607
Steatomys pratensis,88,16,24,22,31.8,10.4,-12.88,Savanna,Terrestrial,20.721213882995087,-4.721213882995087
Stenocephalemys albipes,132,27,59,19,27.5,9.7,8.99,Savanna,Terrestrial,29.037362615808185,-2.037362615808185
Stenocephalemys albocaudata,164,32,130,12.5,20.4,3.8,7.21,Shrubland,Terrestrial,35.0854707851268,-3.0854707851268017
Stenocephalemys griseicauda,154,30,99,15.5,24.3,6.1,9.99,Shrubland,Terrestrial,33.19543698221473,-3.19543698221473
Taeromys arcuatus,215,47,227,19.9,25.4,14.2,-1.8,Forest,Terrestrial,44.724643179978344,2.2753568200216563
Taeromys callitrichus,234,53,319,23.1,28,18.2,0.19,Forest,Terrestrial,48.315707405511276,4.684292594488724
Taeromys celebensis,224,50,253,24.7,29.6,19.6,-1.32,Forest,Scansorial,46.425673602599204,3.574326397400796
Taeromys hamatus,198,44,182,18.2,23.9,12.4,-2.17,Forest,Terrestrial,41.511585715027834,2.4884142849721655
Taterillus arenarius,121,31,42,29,41.2,14.8,17.34,Desert,Terrestrial,26.95832543260491,4.041674567395091
Taterillus congicus,120,30,49,25.5,32.9,16.7,6.85,Savanna,Terrestrial,26.769322052313704,3.2306779476862957
Taterillus gracilis,119,31,55,27.4,36.7,16.5,11.76,Savanna,Terrestrial,26.580318672022496,4.419681327977504
Taterillus lacustris,116,31,46,28.1,39.5,14.7,12.31,Savanna,Terrestrial,26.013308531148876,4.986691468851124
Taterillus petteri,114,30,50,28.9,39.7,16.2,14.66,Grassland,Terrestrial,25.635301770566464,4.364698229433536
Taterillus tranieri,124,31,47,29.2,41.8,15.4,15.87,Grassland,Terrestrial,27.52533557347853,3.4746644265214712
Thallomys loringi,144,27,80,18.9,25.8,11.4,0.24,Savanna,Scansorial,31.305403179302665,-4.305403179302665
Thallomys nigricauda,135,25,74,21.1,34.2,5.8,-22.15,Shrubland,Scansorial,29.604372756681805,-4.604372756681805
Thallomys paedulcus,140,25,72,22.2,31.6,11.1,-12.23,Shrubland,Scansorial,30.549389658137837,-5.549389658137837
Tokudaia muenninki,149,34,148,21.9,29.9,13.2,26.74,Forest,Terrestrial,32.2504200807587,1.7495799192412989
Uromys caudimaculatus,295,61,868,24.2,30.1,17.8,-6.31,Forest,Scansorial,59.84491360327488,1.1550863967251175
Uromys hadrourus,178,38,172,21,28.2,12.6,-16.44,Forest,Scansorial,37.7315181092037,0.268481890796302
Zyzomys argurus,100,21,36,25.5,36.8,12.4,-18.19,Savanna,Terrestrial,22.989254446489568,-1.9892544464895678
Zyzomys maini,118,27,125,27.1,36,16.8,-13.3,Forest,Terrestrial,26.39131529173129,0.6086847082687115
Zyzomys palatalis,165,28,125,25.9,37.1,13,-17.2,Savanna,Terrestrial,35.274474165418006,-7.274474165418006
Zyzomys pedunculatus,117,26,65,20.6,34.7,4.6,-23.68,Shrubland,Terrestrial,26.202311911440084,-0.2023119114400842
Zyzomys woodwardi,138,28,145,26.9,36,15.8,-15.4,Savanna,Terrestrial,30.171382897555425,-2.171382897555425
