Species,head_bodylength,hindfoot_length,weight,Mean_Temp,Max_Temp,Min_temp,Lat.mid,Habitat,Loc_niche,blmass_impact,residuals
Abeomelomys sevia,122,27,54,16.1,22.8,9.3,-6,Forest,Terrestrial,27.10469575393816,-0.10469575393815944
Acomys johannis,105,18,37,27.9,37,17,12,Savanna,Terrestrial,24.005417033057693,-6.005417033057693
Acomys minous,116,19,53,16.4,27.5,4.7,35.23,Forest,Terrestrial,26.024405367629225,-7.024405367629225
Acomys muzei,86,16,19,22,29.8,13.3,-6.68,Savanna,Terrestrial,20.544231824521063,-4.544231824521063
Acomys nesiotes,118,20,52,18.2,32,4.4,35.05,Rocky Areas,Terrestrial,26.380882778625836,-6.3808827786258355
Acomys ngurui,91,15,23,23.9,31.1,16,-8.63,Forest,Terrestrial,21.45306985115613,-6.45306985115613
Acomys percivali,97,13,30,25.2,32.5,17.4,3.11,Savanna,Terrestrial,22.549647467443723,-9.549647467443723
Acomys russatus,109,19,37,24.2,37.2,9.6,22.12,Rocky Areas,Terrestrial,24.723800931710468,-5.723800931710468
Aethomys hindei,158,32,146,24.5,31.6,16.6,4.12,Savanna,Terrestrial,33.81988836815242,-1.8198883681524194
Aethomys ineptus,147,30,82,17.8,31.1,2.9,-27.13,Grassland,Terrestrial,31.670602193751705,-1.670602193751705
Aethomys kaiseri,146,25,96,21.8,29.7,12.7,-7.52,Savanna,Terrestrial,31.529009755705356,-6.529009755705356
Aethomys nyikae,143,29,90,21.4,30.8,10.4,-10.62,Forest,Terrestrial,30.973934601737128,-1.9739346017371275
Apodemus alpicola,102,24,31,3.8,15.8,-8.3,46.52,Forest,Terrestrial,23.450341879089464,0.5496581209105358
Apodemus epimelas,125,26,56,12.6,26.3,-2.5,40.29,Rocky Areas,Terrestrial,27.648912754587297,-1.6489127545872968
Apodemus semotus,101,24,33,19.6,28,10.1,23.74,Forest,Terrestrial,23.27617498108582,0.7238250189141802
Apomys abrae,140,36,69,21.1,27.4,14,17.1,Forest,Terrestrial,30.37814137282228,5.621858627177719
Apomys aurorae,140,35,78,24.5,30.4,18,15.63,Forest,Terrestrial,30.40257221779025,4.597427782209749
Apomys banahao,138,36,79,22.8,28.6,16.8,14.05,Forest,Terrestrial,30.04609480679363,5.953905193206371
Apomys brownorum,131,34,73,21.3,27.3,14.9,15.47,Forest,Terrestrial,28.77263575417263,5.227364245827371
Apomys camiguinensis,110,33,40,25.6,31.5,19.5,9.18,Forest,Terrestrial,24.91154052136299,8.08845947863701
Apomys datae,136,36,84,21.2,27.4,14,17.28,Forest,Terrestrial,29.700475549116117,6.299524450883883
Apomys gracilirostris,150,38,88,22.4,28.3,16.4,13.22,Forest,Terrestrial,32.22567734771993,5.77432265228007
Apomys hylocetes,112,30,45,22.7,29.5,15.4,7.86,Forest,Terrestrial,25.284305162338253,4.715694837661747
Apomys insignis,98,30,31,26,31.9,20.1,7.68,Forest,Terrestrial,22.73195798043669,7.26804201956331
Apomys iridensis,148,38,96,24.8,30.7,18.6,14.89,Forest,Terrestrial,31.888201705031744,6.111798294968256
Apomys littoralis,99,25,22,25.6,31.9,19.3,7.47,Forest,Terrestrial,22.887123110131913,2.1128768898680867
Apomys lubangensis,136,39,90,27,32.3,22.3,13.78,Forest,Terrestrial,29.716762779094765,9.283237220905235
Apomys magnus,147,40,104,22.9,28.8,16.9,14.06,Forest,Terrestrial,31.730322037006747,8.269677962993253
Apomys microdon,107,27,36,24.4,30.3,17.9,15.86,Forest,Terrestrial,24.361894444054307,2.6381055559456925
Apomys minganensis,137,33,75,24.1,30,17.6,15.61,Forest,Terrestrial,29.85564067881134,3.1443593211886594
Apomys musculus,88,22,20,24.3,30.2,18.1,15.04,Forest,Terrestrial,20.906138312177227,1.0938616878227734
Apomys sacobianus,154,38,92,24.9,31,18.9,15.14,Forest,Terrestrial,32.9549193996918,5.0450806003081965
Apomys sierrae,140,36,82,23.5,29.5,16.6,16.87,Forest,Terrestrial,30.41343037110935,5.586569628890651
Apomys zambalensis,143,38,88,24.8,30.8,19,15.32,Forest,Terrestrial,30.96850552507758,7.031494474922422
Arvicanthis blicki,127,29,98,13.4,21.4,4.5,7.05,Grassland,Terrestrial,28.12211531376422,0.877884686235781
Arvicanthis neumanni,146,28,85,24.1,32,15.8,2.95,Savanna,Terrestrial,31.499149834077834,-3.4991498340778335
Arvicanthis niloticus,141,31,102,25.6,35.1,15,8.82,Savanna,Terrestrial,30.647317112368036,0.3526828876319641
Arvicanthis rufinus,144,33,103,26.3,33.2,18.2,8.09,Savanna,Terrestrial,31.18881957468739,1.8111804253126103
Bandicota bengalensis,195,35,244,24.8,35.9,12.2,21.17,Forest,Terrestrial,40.7309641870085,-5.730964187008503
Batomys granti,202,36,179,19.3,25.7,12.1,17.07,Forest,Terrestrial,41.81169101821551,-5.811691018215512
Batomys hamiguitan,183,35,173,24.1,30.2,17.9,6.73,Forest,NA,38.38308026963618,-3.3830802696361815
Batomys russatus,151,30,115,26.9,31.8,21.6,10.15,Forest,Terrestrial,32.478565857287045,-2.4785658572870446
Batomys salomonseni,185,37,190,25.4,31.1,19.4,9.47,Forest,Terrestrial,38.78841937056873,-1.7884193705687323
Batomys uragon,186,37,168,23.3,28.7,17.4,13.66,Forest,Terrestrial,38.90829550197689,-1.9082955019768875
Berylmys berdmorei,204,42,238,24.8,32,15.9,16.61,Forest,Terrestrial,42.33104072899861,-0.3310407289986088
Berylmys bowersi,266,59,407,19.9,30.1,8.4,22.43,Forest,Terrestrial,53.92474813584855,5.075251864151447
Bullimus bagobus,226,64,396,26.1,31.8,20.2,8.39,Forest,Terrestrial,46.71104922769326,17.28895077230674
Bullimus gamay,234,52,368,26.4,32,20.8,9.17,Forest,Terrestrial,48.07180995176513,3.9281900482348675
Bullimus luzonicus,249,52,444,23.8,29.9,17,16.23,Forest,Terrestrial,50.97205448477591,1.02794551522409
Bunomys fratrorum,174,40,175,24.4,29,19.8,1.01,Forest,Terrestrial,36.772145574326984,3.2278544256730157
Bunomys karokophilus,172,39,162,22.1,27.4,16.5,-1.35,Forest,Terrestrial,36.377664626713525,2.622335373286475
Bunomys torajae,183,38,113,16.2,21.9,10.4,-2.87,Forest,Terrestrial,38.2202079698497,-0.22020796984970303
Carpomys melanurus,182,33,165,19.6,25.8,12.6,16.54,Forest,Arboreal,38.18176798833479,-5.181767988334791
Carpomys phaeurus,170,32,123,18.8,25.2,11.4,17.08,Forest,Arboreal,35.91260568252593,-3.9126056825259283
Chiropodomys major,104,24,42,26.4,31.9,20.9,3.56,Forest,Arboreal,23.83939375004337,0.1606062499566292
Chiruromys forbesi,121,29,73,24.6,30.1,18.6,-8.83,Forest,Arboreal,26.976676007540686,2.0233239924593143
Chiruromys vates,110,24,46,24.9,31.6,17.6,-7.45,Forest,Arboreal,24.92782775134164,-0.9278277513416384
Chrotomys gonzalesi,167,36,122,24.2,29.4,18.3,13.69,Forest,Terrestrial,35.37110322020657,0.6288967797934291
Chrotomys sibuyanensis,160,34,104,24.1,29.5,18.5,12.41,Forest,Terrestrial,34.06506970762827,-0.06506970762826825
Chrotomys silaceus,148,35,84,18.9,25.3,11.6,17.07,Forest,Terrestrial,31.855627245074448,3.144372754925552
Chrotomys whiteheadi,190,43,238,21.9,28.3,14.7,17.04,Forest,Terrestrial,39.81669708371389,3.1833029162861095
Crateromys heaneyi,280,64,124,25.1,30.9,19.3,11.26,Forest,Arboreal,55.67087743380706,8.329122566192943
Crateromys schadenbergi,336,72,1450,18.6,25,11.4,16.85,Forest,Arboreal,69.32772984022704,2.672270159772964
Crunomys celebensis,141,26,45,18.9,24.6,13.2,-2.34,Forest,Terrestrial,30.492588427570883,-4.492588427570883
Crunomys melanius,110,26,54,25.6,31.8,19.4,7.33,Forest,Terrestrial,24.949544057979836,1.0504559420201645
Crunomys suncoides,108,27,37,20.3,27.2,12.8,8.13,Forest,Terrestrial,24.544204957047274,2.455795042952726
Dasymys foxi,157,34,118,25,33.8,14.6,10.03,Savanna,Terrestrial,33.564285320255536,0.4357146797444642
Dasymys montanus,145,30,85,13.5,18.2,8.6,0.37,Forest,Terrestrial,31.31955385941464,-1.3195538594146399
Dasymys rufulus,144,33,78,26.5,33.6,18.1,8.73,Savanna,Terrestrial,31.120956116443026,1.8790438835569745
Dendromus insignis,84,20,14,15.1,20.9,8.9,0.98,Forest,Terrestrial,20.171467183545804,-0.17146718354580415
Dendromus kahuziensis,80,22,11,14.1,18.3,9.6,-2.2,Forest,Terrestrial,19.4449396699037,2.5550603300962997
Dendromus kivu,74,19,10,16.4,21.9,10.8,-1.32,Forest,Terrestrial,18.364649283594762,0.6353507164052381
Dendromus lovati,74,18,16,15.1,23.8,5.9,10.21,Grassland,Terrestrial,18.38093651357341,-0.38093651357340974
Dendromus melanotis,69,18,7,20.7,31.6,8,-16.18,Savanna,Terrestrial,17.458525795289468,0.5414742047105321
Dendromus messorius,60,17,8,23.3,29.5,16.5,3.42,Grassland,Terrestrial,15.844876561650496,1.155123438349504
Dendromus nyikae,67,17,10,21.2,31.2,9.3,-13.02,Savanna,Terrestrial,17.107477460952406,-0.10747746095240629
Dendromus oreas,69,19,11,21.6,26.8,16.4,4.42,Grassland,Terrestrial,17.469383948608566,1.5306160513914335
Dendromus ruppi,74,20,11,21.2,27.8,14.3,4.02,Forest,Terrestrial,18.367363821924535,1.6326361780754652
Deomys ferrugineus,137,38,76,23.8,29.2,17.9,0.48,Forest,Terrestrial,29.858355217141114,8.141644782858886
Dephomys defua,126,26,47,25.9,32.1,18.7,6.75,Forest,Arboreal,27.80407788428252,-1.8040778842825205
Desmodillus auricularis,109,25,46,19.6,33.1,4.1,-25.16,Desert,Terrestrial,24.748231776678438,0.25176822332156235
Desmomys harringtoni,136,28,65,19,27.6,9.6,9.45,Savanna,Scansorial,29.6488993208504,-1.6488993208504006
Desmomys yaldeni,124,28,47,18.7,26.4,10.3,7.51,Forest,Scansorial,27.444885934956126,0.555114065043874
Dinomys branickii,760,NA,12500,23,28.9,16.6,-5.7,Forest,Terrestrial,175.47207164143066,NA
Echiothrix leucura,213,51,274,24.4,29,19.9,1.08,Forest,Terrestrial,44.04512788083924,6.954872119160761
Gerbilliscus boehmi,162,41,146,20.9,29.8,10.5,-9.52,Savanna,Terrestrial,34.538272266805194,6.461727733194806
Gerbilliscus gambiana,157,31,94,27.6,37.8,16.2,13.58,Savanna,Terrestrial,33.499136400340944,-2.4991364003409444
Gerbilliscus guineae,141,33,73,26.8,34.9,17.3,10.78,Savanna,Terrestrial,30.568595500804573,2.431404499195427
Gerbilliscus inclusus,156,41,116,23.6,32,14,-14.23,Savanna,Terrestrial,33.37926026893279,7.620739731067211
Gerbilliscus kempi,158,33,101,25.7,33.2,17,7.26,Savanna,Terrestrial,33.69773414331256,-0.6977341433125588
Gerbilliscus robustus,152,35,103,25.5,34.5,15.5,7.63,Savanna,Terrestrial,32.62558737199294,2.3744126280070574
Gerbilliscus validus,167,34,129,23.2,31.9,13.2,-4.73,Savanna,Terrestrial,35.39010498851499,-1.3901049885149916
Gerbillurus paeba,96,27,25,20.1,33.2,4.8,-24.5,Savanna,Terrestrial,22.356478801131654,4.643521198868346
Gerbillurus setzeri,106,32,37,20.2,29.8,9.6,-20.07,Desert,Terrestrial,24.185013007720887,7.814986992279113
Gerbillurus tytonis,99,33,25,18.7,29.5,6.4,-24.97,Desert,Terrestrial,22.895266725121235,10.104733274878765
Gerbillurus vallinus,94,30,36,19.1,33.4,2.9,-27.62,Desert,Terrestrial,22.027146773432783,7.972853226567217
Gerbillus amoenus,80,23,13,22.7,37.4,5.6,25.67,Desert,Terrestrial,19.45036874656325,3.5496312534367505
Gerbillus bottai,86,20,23,28.6,40.1,16.1,13.98,Artificial Terrestrial,Terrestrial,20.55508997784016,-0.5550899778401615
Gerbillus campestris,103,27,29,18.9,34.1,2.8,31.2,Desert,Terrestrial,23.62450877709311,3.3754912229068914
Gerbillus cosensis,100,26,32,25.1,32.1,17.8,2.27,Desert,Terrestrial,23.093864468092853,2.9061355319071467
Gerbillus dasyurus,91,25,24,23.3,38.6,5.7,26.8,Desert,Terrestrial,21.455784389485906,3.544215610514094
Gerbillus dunni,98,30,39,26.7,35.3,17.9,7.93,Shrubland,Terrestrial,22.753674287074887,7.246325712925113
Gerbillus floweri,117,35,54,20,33.9,3.8,29.89,Desert,Terrestrial,26.20671588062219,8.793284119377809
Gerbillus harwoodi,75,20,14,20.2,27.4,12.2,-3.01,Savanna,Terrestrial,18.555103411577054,1.4448965884229459
Gerbillus lowei,104,26,36,21.1,31.5,8.2,13,Rocky Areas,Terrestrial,23.823106520064727,2.1768934799352735
Gerbillus maghrebi,112,27,43,16.9,30.4,3.5,33.66,Grassland,Terrestrial,25.278876085678704,1.7211239143212964
Gerbillus nancillus,65,18,9,28.1,39.9,14.5,15.15,Grassland,Terrestrial,16.74557097329624,1.254429026703761
Gerbillus nigeriae,93,27,26,26.1,37.2,13.9,19.16,Desert,Terrestrial,21.820405415471843,5.179594584528157
Gerbillus percivali,75,20,14,22.6,30,14.8,-3.35,Savanna,Terrestrial,18.555103411577054,1.4448965884229459
Gerbillus perpallidus,107,33,36,20.6,33.5,5.7,30.38,Desert,Terrestrial,24.361894444054307,8.638105555945693
Gerbillus pusillus,66,20,15,25,32.8,16.9,4.13,Savanna,Terrestrial,16.941454177938084,3.058545822061916
Gerbillus rosalinda,97,25,28,27.4,38.5,15.3,12.3,Grassland,Terrestrial,22.544218390784174,2.4557816092158262
Gerbillus rupicola,101,26,36,28.2,40.2,15,15.41,Grassland,Terrestrial,23.284318596075146,2.7156814039248545
Gerbillus simoni,81,21,17,18.1,32.9,2.2,33.82,Desert,Terrestrial,19.640822874545545,1.3591771254544547
Grammomys aridulus,114,23,43,23.3,34.6,9.4,13.14,Shrubland,Arboreal,25.63806803500509,-2.638068035005091
Grammomys caniceps,97,21,28,26.6,31.9,20.3,0.4,Shrubland,Arboreal,22.544218390784174,-1.5442183907841738
Grammomys cometes,118,24,52,21.8,32.3,10.2,-24.59,Savanna,Arboreal,26.380882778625836,-2.3808827786258355
Grammomys dolichurus,112,24,35,21.6,30.2,11.7,-10.27,Savanna,Arboreal,25.257159779040506,-1.2571597790405065
Grammomys dryas,112,24,43,16.8,22.3,11.1,-1.43,Forest,Arboreal,25.278876085678704,-1.2788760856787036
Grammomys ibeanus,120,26,47,19.5,27.2,11.1,-4.67,Savanna,Arboreal,26.72650203630335,-0.7265020363033514
Grammomys kuru,114,25,53,24.3,29.8,18.1,2.37,Forest,Arboreal,25.665213418302837,-0.6652134183028373
Grammomys macmillani,105,24,34,24.9,32.4,16.3,2.82,Savanna,Arboreal,23.99727341806837,0.002726581931629113
Hadromys yunnanensis,132,26,59,19.6,29.5,8.1,24.27,Unknown,Terrestrial,28.914228192218978,-2.914228192218978
Haeromys minahassae,76,20,14,24.8,29.5,20.1,0.54,Forest,Arboreal,18.734699386240248,1.2653006137597522
Hybomys badius,122,29,64,18.1,23.6,13.1,4.25,Forest,Terrestrial,27.131841137235906,1.8681588627640942
Hybomys basilii,137,31,86,19.7,24.9,15.1,3.48,Forest,Terrestrial,29.88550060043886,1.11449939956114
Hybomys planifrons,124,31,51,25.5,32.7,17.5,7.54,Forest,Terrestrial,27.455744088275225,3.5442559117247754
Hybomys trivirgatus,124,32,56,25.8,32,18.6,6.51,Forest,Terrestrial,27.469316779924096,4.530683220075904
Hybomys univittatus,114,29,51,24.1,29.7,18.1,0.14,Forest,Terrestrial,25.659784341643288,3.340215658356712
Hydromys chrysogaster,272,58,632,21.9,32.7,9.6,-21.7,Forest,Semi aquatic,55.613095108027,2.3869048919730034
Hylomyscus aeta,94,21,25,24,29.8,17.7,0.8,Forest,Arboreal,21.99728685180526,-0.99728685180526
Hylomyscus alleni,90,19,18,25,30.8,18.4,3.25,Forest,Arboreal,21.259901184844065,-2.2599011848440647
Hylomyscus anselli,101,21,28,20,29.7,8.5,-11.09,Forest,Arboreal,23.26260228943695,-2.2626022894369484
Hylomyscus arcimontensis,90,20,19,21.7,29.3,13.4,-7.05,Forest,Arboreal,21.262615723173838,-1.2626157231738375
Hylomyscus denniae,102,21,32,20.7,26.4,15,0.57,Forest,Arboreal,23.45305641741924,-2.4530564174192406
Hylomyscus endorobae,102,22,28,15.1,21.6,8,0.53,Forest,Arboreal,23.442198264100142,-1.442198264100142
Hylomyscus grandis,97,20,33,18.2,23.9,11.1,6.21,Forest,Arboreal,22.557791082433045,-2.557791082433045
Hylomyscus kerbispeterhansi,92,20,24,19.3,26.1,11.9,0.52,Forest,Arboreal,21.6353803641491,-1.6353803641490998
Hylomyscus parvus,67,15,13,24,29.7,17.8,3.11,Forest,Arboreal,17.11562107594173,-2.1156210759417284
Hylomyscus stella,85,17,20,22,27.6,16.3,0.24,Forest,Arboreal,20.367350388187646,-3.3673503881876456
Hylomyscus vulcanorum,95,20,22,17.4,23,11.5,-2.11,Forest,Arboreal,22.16873921147914,-2.1687392114791386
Leggadina forresti,87,14,19,22.9,37.3,6.5,-24.61,Grassland,Terrestrial,20.723827799184257,-6.7238277991842565
Leggadina lakedownensis,72,15,20,26.1,37.8,12.5,-18.02,Savanna,Terrestrial,18.03260271756612,-3.032602717566121
Leimacomys buettneri,118,23,30,25,31.8,16.8,8.26,Unknown,Terrestrial,26.321162935370797,-3.321162935370797
Lemniscomys barbarus,100,24,90,17,30.5,3.4,34.33,Shrubland,Terrestrial,23.25130769121978,0.7486923087802211
Lemniscomys bellieri,109,25,36,26.7,33.6,18.7,9.21,Savanna,Terrestrial,24.721086393380695,0.2789136066193052
Lemniscomys linulus,107,26,27,26.7,35.2,16.7,11.03,Savanna,Terrestrial,24.337463599086334,1.662536400913666
Lemniscomys rosalia,126,26,54,21.9,32.6,9,-17.66,Savanna,Terrestrial,27.82307965259094,-1.8230796525909412
Lemniscomys striatus,122,28,45,24.1,31,16.3,2.13,Savanna,Terrestrial,27.08026490897019,0.9197350910298105
Lemniscomys zebra,104,27,38,25.9,34.5,15.9,8,Savanna,Terrestrial,23.828535596724276,3.171464403275724
Lenomys meyeri,262,46,252,24,29,18.9,-1.67,Forest,Scansorial,52.785610796080704,-6.785610796080704
Lenothrix canus,192,34,150,26,31.3,20.5,3.41,Forest,Arboreal,39.93700966002012,-5.9370096600201165
Leopoldamys ciliatus,235,50,362,22.9,28.4,17.6,1.31,Forest,Terrestrial,48.235118696449675,1.7648813035503252
Leopoldamys milleti,252,NA,425,20.3,26.9,13.3,12.15,Forest,Terrestrial,51.459266180499775,NA
Leopoldamys neilli,218,42,220,26.2,33.6,17.1,16.43,Forest,Terrestrial,44.79652268434738,-2.79652268434738
Leporillus conditor,172,45,408,18.5,31.3,4,-32.61,Shrubland,Terrestrial,37.045441055838076,7.954558944161924
Leptomys elegans,157,36,79,23.7,29.9,17,-8.25,Forest,Terrestrial,33.45841832539433,2.5415816746056734
Leptomys ernstmayri,139,38,59,22,28.3,15.2,-6.03,Forest,Terrestrial,30.171400014861334,7.828599985138666
Leptomys paulus,125,34,42,19.7,25.4,13.5,-9.68,Forest,NA,27.610909217970452,6.389090782029548
Leptomys signatus,148,40,80,24.8,31.6,17.4,-7.26,Forest,Terrestrial,31.84476909175535,8.15523090824465
Limnomys bryophilus,130,33,64,20.5,27.2,13.4,8.02,Forest,Scansorial,28.568608934541462,4.431391065458538
Limnomys sibuanus,127,30,64,22.5,29,15.7,7.68,Forest,Scansorial,28.02982101055188,1.9701789894481188
Lophuromys brevicaudus,114,21,43,12.5,20.4,3.7,7.21,Shrubland,Terrestrial,25.63806803500509,-4.638068035005091
Lophuromys chercherensis,128,23,61,17.7,27.1,7.9,9.32,Forest,Terrestrial,28.201273370225753,-5.201273370225753
Lophuromys chrysopus,114,21,43,20,27.7,11.6,6.48,Forest,Terrestrial,25.63806803500509,-4.638068035005091
Lophuromys cinereus,122,24,52,14.7,19.2,9.9,-2.26,Forest,Terrestrial,27.09926667727861,-3.09926667727861
Lophuromys dieterleni,123,22,61,18,23.7,11,6.21,Forest,Terrestrial,27.303293496909777,-5.303293496909777
Lophuromys luteogaster,102,21,34,23.1,28.5,17.5,0.27,Forest,Terrestrial,23.45848549407879,-2.45848549407879
Lophuromys machangui,123,21,52,21.1,29.5,11.7,-11.6,Savanna,Terrestrial,27.278862651941804,-6.278862651941804
Lophuromys makundii,125,22,49,16,23.1,7.5,-4.44,Forest,Terrestrial,27.629910986278876,-5.629910986278876
Lophuromys medicaudatus,103,21,35,15.6,20.7,10.3,-1.84,Forest,Terrestrial,23.640796007071756,-2.6407960070717564
Lophuromys melanonyx,146,23,95,12,19.9,3.3,7.26,Shrubland,Terrestrial,31.52629521737558,-8.52629521737558
Lophuromys menageshae,134,22,74,15.6,23.9,7,9.6,Forest,Terrestrial,29.314138216491983,-7.314138216491983
Lophuromys pseudosikapusi,134,24,60,22.1,29.1,14.6,7.01,Forest,Terrestrial,29.27613467987514,-5.276134679875138
Lophuromys rahmi,102,16,32,16.4,21.7,11,-2.01,Forest,Terrestrial,23.45305641741924,-7.453056417419241
Lophuromys roseveari,128,22,64,20.5,26,15.4,4.25,Forest,Terrestrial,28.209416985215075,-6.209416985215075
Lophuromys sabunii,128,22,52,20.8,28.5,11.8,-7.81,Forest,Terrestrial,28.17684252525778,-6.176842525257779
Lophuromys simensis,133,23,57,18,27.5,7.6,12.24,Shrubland,NA,29.088395090222622,-6.0883950902226225
Lophuromys stanleyi,118,23,46,10,14.6,5.3,0.38,Forest,Terrestrial,26.364595548647188,-3.3645955486471877
Lophuromys woosnami,121,26,47,18.4,23.9,12.7,-2.05,Forest,Terrestrial,26.906098010966545,-0.9060980109665451
Macruromys major,241,53,350,18.8,25.2,12.1,-6.34,Forest,Terrestrial,49.28012008447154,3.719879915528459
Malacomys cansdalei,144,43,82,25.9,31.7,19.1,6,Forest,Terrestrial,31.131814269762124,11.868185730237876
Malacomys edwardsi,133,33,59,26,32.2,18.9,6.72,Forest,Terrestrial,29.09382416688217,3.9061758331178282
Malacomys longipes,138,35,68,24.1,29.7,18.1,1.06,Forest,Terrestrial,30.01623488516611,4.98376511483389
Mallomys aroaensis,364,67,1238,19,25.5,12.1,-6.65,Forest,Arboreal,73.78093500488426,-6.780935004884256
Mallomys gunung,422,NA,2000,7.3,14.7,0.1,-4.1,Forest,Arboreal,86.26597974263777,NA
Mallomys istapantap,398,NA,1888,16.8,23.5,9.9,-6.14,Forest,Arboreal,81.65164805778635,NA
Mallomys rothschildi,380,65,1158,18.4,24.8,11.8,-5.36,Forest,Arboreal,76.43730753311341,-11.437307533113412
Mammelomys lanosus,162,37,116,18.1,24.4,11.7,-5.31,Forest,Terrestrial,34.45683611691195,2.5431638830880487
Margaretamys beccarii,130,28,62,24.9,29.6,20.2,0.53,Forest,Arboreal,28.563179857881913,-0.5631798578819129
Margaretamys christinae,111,20,49,20,24.7,14.8,-3.49,Forest,Arboreal,25.115567340994158,-5.115567340994158
Mastomys awashensis,122,24,46,21.2,30.7,11.1,9.34,Savanna,Terrestrial,27.082979447299962,-3.0829794472999623
Mastomys coucha,100,20,31,18.9,32.2,3.6,-24.99,Savanna,Terrestrial,23.091149929763077,-3.091149929763077
Mastomys erythroleucus,138,24,56,26.3,34.9,16.4,9.51,Savanna,Terrestrial,29.983660425208814,-5.983660425208814
Mastomys huberti,136,25,55,27.8,38.1,15.9,13.91,Savanna,Terrestrial,29.621753937552654,-4.621753937552654
Mastomys kollmannspergeri,137,27,95,27.4,38.9,14.1,13.71,Savanna,Terrestrial,29.90993144540683,-2.90993144540683
Mastomys natalensis,113,23,39,24.1,32.5,14.5,-1.31,Savanna,Terrestrial,25.4476139070228,-2.4476139070227987
Mastomys shortridgei,120,25,46,22,34,6.6,-17.04,Savanna,Terrestrial,26.723787497973575,-1.723787497973575
Maxomys alticola,158,33,90,22.8,29.1,16.5,5.74,Forest,Terrestrial,33.66787422168504,-0.6678742216850395
Maxomys baeodon,132,28,63,25.4,31.2,19.5,5.1,Forest,Terrestrial,28.925086345538077,-0.9250863455380767
Maxomys bartelsii,152,34,102,19.1,24.2,14.2,-7.07,Forest,Terrestrial,32.622872833663166,1.3771271663368339
Maxomys ochraceiventer,156,32,97,25.2,31.1,19.3,2.83,Forest,Terrestrial,33.32768404066707,-1.327684040667073
Maxomys panglima,178,40,182,26.8,31.8,22.2,9.92,Forest,Terrestrial,37.50953124128818,2.4904687587118204
Melomys bougainville,141,26,86,25.6,29.7,21.2,-6.38,Forest,Terrestrial,30.60388449909164,-4.603884499091642
Melomys burtoni,113,25,45,25,33.8,14.9,-16.39,Forest,Terrestrial,25.463901137001447,-0.46390113700144653
Melomys cervinipes,134,29,74,20.1,30.2,8.7,-24.89,Forest,Terrestrial,29.314138216491983,-0.31413821649198326
Melomys leucogaster,157,32,122,26,32.1,19.3,-6.73,Forest,Terrestrial,33.575143473574634,-1.5751434735746344
Melomys matambuai,156,35,158,26.8,30.8,22.9,-2.09,Forest,Terrestrial,33.49327087878332,1.5067291212166793
Melomys paveli,124,24,55,21.7,26.3,16.5,-3.24,Forest,Terrestrial,27.466602241594323,-3.466602241594323
Meriones shawi,137,33,78,18,32.6,2.2,33.85,Desert,Terrestrial,29.863784293800663,3.136215706199337
Mesembriomys gouldii,288,69,740,25.1,33.7,15.4,-15.04,Forest,Arboreal,58.779800842253756,10.220199157746244
Mesembriomys macrurus,230,50,285,27,36,15.8,-15.38,Forest,Arboreal,47.12811937174106,2.8718806282589426
Micaelamys namaquensis,109,25,40,19.9,32.4,5.4,-23.91,Savanna,Terrestrial,24.73194454669979,0.2680554533002102
Millardia kathleenae,148,28,93,27,35.9,16,21.63,Savanna,Terrestrial,31.880058090042418,-3.880058090042418
Mus bufo,67,15,12,18.6,24.2,12.8,-1.76,Forest,Terrestrial,17.112906537611956,-2.1129065376119556
Mus callewaerti,84,17,16,21.2,29.3,11.7,-8.87,Forest,Terrestrial,20.176896260205353,-3.1768962602053534
Mus cookii,86,20,20,21.5,30.3,10.7,22.9,Forest,Terrestrial,20.54694636285084,-0.5469463628508393
Mus fragilicauda,77,15,12,25.2,32.5,15.2,17.1,Forest,Terrestrial,18.908866284243892,-3.908866284243892
Mus indutus,55,13,5,21.5,34.5,5.8,-21.02,Savanna,Terrestrial,14.938753073345202,-1.938753073345202
Mus mahomet,67,15,10,19.1,28.1,9.5,10.18,Savanna,Terrestrial,17.107477460952406,-2.1074774609524063
Mus musculus,88,19,16,12.9,28.6,-4.4,24.17,Forest,Terrestrial,20.895280158858128,-1.895280158858128
Mus pahari,90,22,22,19.4,28.8,8.3,23,Forest,Terrestrial,21.270759338163163,0.7292406618368368
Mus setulosus,72,15,14,23.8,30.3,16.5,6.19,Forest,Terrestrial,18.016315487587473,-3.016315487587473
Mus setzeri,54,14,7,22.2,34.7,6.4,-19.04,Savanna,Terrestrial,14.764586175341556,-0.7645861753415559
Mus shortridgei,108,21,35,22.7,30.4,13.1,19.12,Forest,Terrestrial,24.538775880387725,-3.5387758803877247
Mus spretus,140,16,14,15.3,29.2,1,37.07,Shrubland,Terrestrial,30.228841764684677,-14.228841764684677
Mus terricolor,68,15,8,25.8,37.9,12.1,22.06,Forest,Terrestrial,17.28164435895605,-2.2816443589560507
Mus vulcani,93,22,20,12.6,17.6,7.7,-7.12,Forest,Terrestrial,21.804118185493195,0.19588181450680509
Myomyscus brockmani,104,21,30,23.7,31.1,15.2,3.73,Savanna,Terrestrial,23.80681929008608,-2.8068192900860787
Myomyscus verreauxii,94,22,27,16.7,28,4.5,-33.25,Shrubland,Terrestrial,22.00271592846481,-0.0027159284648092807
Niviventer cameroni,150,34,94,22.2,27.1,16.9,4.7,Forest,Scansorial,32.24196457769858,1.7580354223014183
Niviventer coninga,172,34,142,20.8,29.2,11.3,23.74,Forest,Scansorial,36.32337386011804,-2.323373860118039
Niviventer eha,118,31,38,7.1,19.9,-5.8,27.75,Forest,Scansorial,26.342879242008994,4.657120757991006
Niviventer hinpoon,140,26,60,25.2,31.9,16.6,14.37,Forest,Scansorial,30.353710527854307,-4.353710527854307
Niviventer niviventer,137,30,62,18.7,28.9,7.1,26.9,Forest,Scansorial,29.82035168052427,0.17964831947573145
Niviventer rapit,132,30,55,24.8,30.6,18.9,2.36,Forest,Scansorial,28.90337003889988,1.0966299611001205
Notomys alexis,97,32,24,22.9,37.4,6.3,-25.02,Grassland,Terrestrial,22.533360237465075,9.466639762534925
Notomys aquilo,108,37,38,26.7,34.4,17.7,-13.94,Forest,Terrestrial,24.54691949537705,12.45308050462295
Notomys cervinus,108,34,40,23.8,38.6,6.8,-24.9,Desert,Terrestrial,24.552348572036596,9.447651427963404
Notomys fuscus,98,35,32,22.4,37.7,5.3,-27.74,Grassland,Terrestrial,22.734672518766466,12.265327481233534
Notomys mitchellii,112,37,50,17.8,30.4,3.5,-31.87,Shrubland,Terrestrial,25.297877853987124,11.702122146012876
Otomys angoniensis,155,26,93,19,29.7,6.4,-17.58,Savanna,Terrestrial,33.13722991268478,-7.137229912684781
Otomys auratus,168,29,127,16.2,28.9,1.9,-28.48,Grassland,NA,35.56427188651863,-6.5642718865186325
Otomys barbouri,166,27,112,8.9,14.7,3.2,1.15,Forest,Terrestrial,35.16436186224563,-8.164361862245627
Otomys burtoni,156,30,90,16.7,22.3,11.8,4.24,Grassland,Terrestrial,33.30868227235865,-3.308682272358652
Otomys irroratus,157,29,111,16.8,28.4,4.4,-33.01,Grassland,Terrestrial,33.545283551947115,-4.545283551947115
Otomys karoensis,134,27,108,16.3,28.7,2.9,-32.38,Grassland,Terrestrial,29.40643251970432,-2.406432519704321
Otomys laminatus,188,30,165,17.5,28.4,5.8,-29.73,Grassland,Terrestrial,39.25934383631395,-9.259343836313953
Otomys occidentalis,143,28,77,22.9,29.4,15.4,6.84,Grassland,Terrestrial,30.93864560345006,-2.938645603450059
Otomys sloggetti,127,28,84,14.1,27.1,-0.6,-30.59,Grassland,Terrestrial,28.084111777147374,-0.08411177714737406
Otomys tropicalis,178,29,111,19.4,25.6,12.9,0.42,Savanna,Terrestrial,37.31679901987419,-8.316799019874189
Otomys typus,145,25,108,18.9,27.6,9.5,8.49,Savanna,Terrestrial,31.38198824099946,-6.381988240999458
Parahydromys asper,225,53,540,18.7,25.1,12,-5.77,Forest,Terrestrial,46.922346772517614,6.0776532274823865
Paraleptomys rufilatus,134,36,58,23.2,27.6,18.5,-3.19,Forest,Terrestrial,29.27070560321559,6.729294396784411
Paramelomys levipes,156,36,127,25.1,31.5,18.2,-8.13,Forest,Terrestrial,33.40912019056031,2.5908798094396914
Paramelomys lorentzii,157,35,134,26.5,32.4,19.9,-6.5,Forest,Terrestrial,33.60771793353193,1.39228206646807
Paramelomys mollis,137,35,80,19.2,25.5,12.7,-5.62,Forest,Terrestrial,29.869213370460212,5.130786629539788
Paramelomys platyops,111,27,43,25.4,30.7,19.5,-4.8,Forest,Terrestrial,25.09928011101551,1.90071988898449
Pelomys fallax,147,32,105,21.9,31,11.2,-11.48,Savanna,Terrestrial,31.73303657533652,0.26696342466348
Pelomys hopkinsi,122,31,54,18.8,24.7,12.6,-1.68,Wetlands,Terrestrial,27.10469575393816,3.8953042460618406
Pelomys isseli,140,32,72,22.1,27.9,16,0.15,Wetlands,Terrestrial,30.386284987811603,1.613715012188397
Pelomys minor,122,24,49,22.2,31.3,12,-8.96,Savanna,Terrestrial,27.091123062289288,-3.091123062289288
Petromyscus collinus,80,16,100,18.8,31.7,4.2,-26.4,Desert,Terrestrial,19.68653358125364,-3.6865335812536415
Petromyscus shortridgei,83,16,19,21.6,32.7,8.1,-18.61,Savanna,Terrestrial,20.005443900531482,-4.005443900531482
Phloeomys cumingi,418,80,1950,26.5,31.7,20.8,13.71,Forest,Arboreal,85.41186892749626,-5.411868927496258
Phloeomys pallidus,404,85,2450,23.5,29.7,16.7,16.63,Forest,Arboreal,84.25479444709883,0.7452055529011687
Pithecheir parvus,162,26,100,25.8,30.8,20.5,3.71,Forest,Arboreal,34.41340350363556,-8.413403503635557
Praomys daltoni,109,20,34,27.1,35.9,16.7,10.97,Savanna,Scansorial,24.715657316721146,-4.7156573167211455
Praomys degraaffi,111,25,39,16.1,21.6,10.2,-2.02,Forest,Scansorial,25.08842195769641,-0.08842195769641137
Praomys delectorum,100,24,29,19.1,27.2,10.2,-9.1,Forest,Scansorial,23.085720853103528,0.9142791468964724
Praomys derooi,97,21,32,26.7,33.3,18.5,8.05,Savanna,Scansorial,22.555076544103272,-1.5550765441032723
Praomys hartwigi,125,26,57,21.3,27.6,14,6.07,Forest,Scansorial,27.651627292917073,-1.6516272929170732
Praomys misonnei,112,24,35,23.6,28.9,18,0.09,Forest,Scansorial,25.257159779040506,-1.2571597790405065
Praomys morio,114,24,43,19.9,25.3,15,4.02,Forest,Scansorial,25.63806803500509,-1.638068035005091
Praomys mutoni,114,22,45,24.1,29.5,18.6,0.41,Forest,Scansorial,25.64349711166464,-3.64349711166464
Praomys obscurus,121,27,47,21.6,28.2,13.9,6.94,Savanna,Scansorial,26.906098010966545,0.09390198903345492
Praomys rostratus,114,26,50,26,32.6,18.4,7.71,Forest,Scansorial,25.65706980331351,0.3429301966864884
Praomys tullbergi,118,27,33,25.8,31.9,18.8,6.61,Forest,Scansorial,26.32930655036012,0.6706934496398809
Praomys verschureni,121,30,51,22.9,28.6,17.1,1.39,Forest,Scansorial,26.916956164285644,3.0830438357143564
Pseudohydromys carlae,96,21,15,15.4,21.9,9.2,-5.95,Forest,Terrestrial,22.329333417833908,-1.329333417833908
Pseudohydromys ellermani,96,21,17,17.7,24.1,11.1,-5.58,Forest,Terrestrial,22.334762494493457,-1.3347624944934573
Pseudohydromys fuscus,96,22,19,17.8,24.5,10.7,-6.12,Forest,Terrestrial,22.340191571153007,-0.3401915711530066
Pseudohydromys germani,94,21,26,19.7,25.5,13.4,-9.77,Forest,Terrestrial,22.000001390135036,-1.0000013901350364
Pseudohydromys murinus,91,20,17,16.9,23.5,10.1,-6.53,Forest,Terrestrial,21.436782621177482,-1.436782621177482
Pseudohydromys patriciae,100,20,22,13.5,19.9,7,-4.13,Forest,Terrestrial,23.066719084795107,-3.066719084795107
Pseudohydromys pumehanae,99,22,18,21.7,28.9,13.9,-6.57,Forest,Terrestrial,22.876264956812815,-0.8762649568128147
Pseudohydromys sandrae,102,21,20,24.5,31.3,17.3,-6.12,Forest,Terrestrial,23.420481957461945,-2.420481957461945
Pseudomys albocinereus,85,22,28,17.7,30.1,3.9,-31.55,Shrubland,Terrestrial,20.389066694825843,1.6109333051741572
Pseudomys apodemoides,74,22,18,15.1,26.5,2.5,-36.23,Shrubland,Terrestrial,18.38636559023296,3.613634409767041
Pseudomys australis,101,26,42,21.3,35.9,5,-28.5,Grassland,Terrestrial,23.30060582605379,2.69939417394621
Pseudomys bolami,67,19,16,19.3,33.3,3.7,-30.21,Shrubland,Terrestrial,17.123764690931054,1.8762353090689459
Pseudomys calabyi,85,18,20,27.4,36,17,-13.14,Forest,Terrestrial,20.367350388187646,-2.3673503881876456
Pseudomys chapmani,60,16,12,25.2,39.6,8.4,-22.77,Grassland,Terrestrial,15.855734714969595,0.14426528503040537
Pseudomys delicatulus,56,16,9,25,36,12.2,-18.68,Savanna,Terrestrial,15.129207201327494,0.8707927986725057
Pseudomys desertor,88,21,22,22.7,36.8,6.7,-25.07,Grassland,Terrestrial,20.911567388836776,0.0884326111632241
Pseudomys fieldi,102,26,40,22.9,32.9,12.4,-25.23,Shrubland,Terrestrial,23.474772724057434,2.525227275942566
Pseudomys fumeus,114,27,54,10.9,21.2,-0.6,-37.08,Forest,Terrestrial,25.66792795663261,1.3320720433673898
Pseudomys gracilicaudatus,122,27,80,20.8,32.1,8.1,-24.2,Forest,Terrestrial,27.1752737505123,-0.1752737505123001
Pseudomys hermannsburgensis,70,17,13,22.8,37.3,6.4,-25.21,Grassland,Terrestrial,17.65440899993131,-0.6544089999313094
Pseudomys higginsi,130,32,70,10.3,18.4,1.1,-42.02,Forest,Terrestrial,28.58489616452011,3.41510383547989
Pseudomys johnsoni,66,16,13,26.2,38.4,11.9,-18.06,Savanna,Terrestrial,16.936025101278535,-0.9360251012785348
Pseudomys nanus,115,25,38,26.8,37.9,13.8,-16.38,Savanna,Terrestrial,25.804091318019413,-0.8040913180194131
Pseudomys novaehollandiae,78,21,20,15.7,25.8,4.2,-32.47,Forest,Terrestrial,19.110178565545286,1.8898214344547135
Pseudomys occidentalis,99,26,42,16.1,27.5,3.3,-33.37,Shrubland,Terrestrial,22.941413876727403,3.0585861232725975
Pseudomys oralis,145,31,88,15.9,26.5,3.8,-29.69,Forest,Terrestrial,31.327697474403966,-0.32769747440396557
Pseudomys patrius,67,18,14,21.9,33.5,8.7,-22.36,Savanna,Terrestrial,17.118335614271505,0.8816643857284951
Pseudomys pilligaensis,76,18,12,17.6,31.4,2.3,-30.75,Forest,Terrestrial,18.7292703095807,-0.7292703095806985
Pseudomys shortridgei,108,26,72,15.2,25.8,3.2,-34.63,Shrubland,Terrestrial,24.639213798589385,1.3607862014106153
Rattus baluensis,169,30,110,20.2,26.6,13.7,6.07,Forest,Terrestrial,35.69772070957566,-5.697720709575663
Rattus blangorum,144,32,82,19.4,25.2,14.2,3.94,Forest,Terrestrial,31.131814269762124,0.8681857302378759
Rattus colletti,160,30,138,27.2,35,18.1,-12.77,Grassland,Terrestrial,34.15736401084061,-4.15736401084061
Rattus everetti,222,46,355,25.7,31.6,19.6,11.95,Forest,Terrestrial,45.88136925751973,0.11863074248027061
Rattus feliceus,215,46,308,25.5,30.3,20.2,-3.2,Forest,Terrestrial,44.49661413337796,1.5033858666220397
Rattus fuscipes,182,34,101,15.9,26.2,4.2,-32.34,Forest,Terrestrial,38.008037535229214,-4.008037535229214
Rattus hainaldi,133,30,81,20.3,25.5,14.6,-8.64,Forest,Terrestrial,29.15354401013721,0.8464559898627897
Rattus leucopus,158,35,94,26,32.1,19.2,-8.23,Forest,Terrestrial,33.67873237500414,1.321267624995862
Rattus lutreolus,145,28,78,14.6,24,4,-35.06,Forest,Terrestrial,31.30055209110622,-3.300552091106219
Rattus nikenii,172,38,134,27,31,22.7,0.46,Forest,Terrestrial,36.30165755347984,1.698342446520158
Rattus norvegicus,191,39,147,7.4,23.9,-10.5,43.01,Artificial Terrestrial,Terrestrial,39.749270070367594,-0.7492700703675936
Rattus rattus,162,34,120,18.8,31,5.2,20.97,Forest,Terrestrial,34.46769427023105,-0.4676942702310498
Rattus sordidus,169,31,165,25.1,33.4,15.9,-14.66,Forest,Terrestrial,35.847020317713266,-4.847020317713266
Rattus timorensis,157,30,112,19.9,26.2,12.9,-9.56,Forest,Terrestrial,33.547998090276884,-3.5479980902768844
Rattus tunneyi,136,29,84,24.5,34.6,12.7,-18.48,Savanna,Terrestrial,29.700475549116117,-0.700475549116117
Rattus vandeuseni,125,31,60,18.4,24.1,12.2,-9.82,Forest,Terrestrial,27.659770907906395,3.3402290920936046
Rattus villosissimus,151,33,144,24.2,37.8,8.6,-22.16,Grassland,Terrestrial,32.557287468850504,0.44271253114949616
Rhabdomys dilectus,111,21,39,18.5,29.2,6.2,-18.25,Savanna,NA,25.08842195769641,-4.088421957696411
Rhabdomys intermedius,111,25,44,16,30.4,-0.1,-31.39,Grassland,NA,25.101994649345283,-0.1019946493452828
Steatomys caurinus,105,16,45,27.4,36.3,17,11.51,Shrubland,Terrestrial,24.02713333969589,-8.02713333969589
Steatomys cuppedius,72,16,12,28,38.5,15.8,13.58,Savanna,Terrestrial,18.010886410927924,-2.010886410927924
Steatomys jacksoni,101,18,25,26.4,32.8,18.9,7.56,Artificial Terrestrial,Terrestrial,23.254458674447623,-5.254458674447623
Steatomys opimus,120,19,40,24.4,30.6,17.4,4.58,Forest,Terrestrial,26.707500267994927,-7.707500267994927
Steatomys parvus,76,15,13,21.7,31,10.2,-10.29,Savanna,Terrestrial,18.73198484791047,-3.7319848479104714
Steatomys pratensis,88,16,24,22,31.8,10.4,-12.88,Savanna,Terrestrial,20.916996465496325,-4.916996465496325
Stenocephalemys albipes,132,27,59,19,27.5,9.7,8.99,Savanna,Terrestrial,28.914228192218978,-1.914228192218978
Stenocephalemys albocaudata,164,32,130,12.5,20.4,3.8,7.21,Shrubland,Terrestrial,34.85403160285519,-2.854031602855187
Stenocephalemys griseicauda,154,30,99,15.5,24.3,6.1,9.99,Shrubland,Terrestrial,32.97392116800023,-2.9739211680002313
Taeromys arcuatus,215,47,227,19.9,25.4,14.2,-1.8,Forest,Terrestrial,44.27673652866622,2.72326347133378
Taeromys callitrichus,234,53,319,23.1,28,18.2,0.19,Forest,Terrestrial,47.93879757360617,5.061202426393827
Taeromys celebensis,224,50,253,24.7,29.6,19.6,-1.32,Forest,Scansorial,45.96367829720911,4.036321702790893
Taeromys hamatus,198,44,182,18.2,23.9,12.4,-2.17,Forest,Terrestrial,41.10145073455206,2.89854926544794
Taterillus arenarius,121,31,42,29,41.2,14.8,17.34,Desert,Terrestrial,26.89252531931767,4.10747468068233
Taterillus congicus,120,30,49,25.5,32.9,16.7,6.85,Savanna,Terrestrial,26.7319311129629,3.2680688870370993
Taterillus gracilis,119,31,55,27.4,36.7,16.5,11.76,Savanna,Terrestrial,26.568622368278355,4.431377631721645
Taterillus lacustris,116,31,46,28.1,39.5,14.7,12.31,Savanna,Terrestrial,26.0054035993208,4.9945964006792
Taterillus petteri,114,30,50,28.9,39.7,16.2,14.66,Grassland,Terrestrial,25.65706980331351,4.342930196686488
Taterillus tranieri,124,31,47,29.2,41.8,15.4,15.87,Grassland,Terrestrial,27.444885934956126,3.555114065043874
Thallomys loringi,144,27,80,18.9,25.8,11.4,0.24,Savanna,Scansorial,31.126385193102575,-4.126385193102575
Thallomys nigricauda,135,25,74,21.1,34.2,5.8,-22.15,Shrubland,Scansorial,29.493734191155177,-4.493734191155177
Thallomys paedulcus,140,25,72,22.2,31.6,11.1,-12.23,Shrubland,Scansorial,30.386284987811603,-5.386284987811603
Tokudaia muenninki,149,34,148,21.9,29.9,13.2,26.74,Forest,Terrestrial,32.208953672843215,1.791046327156785
Uromys caudimaculatus,295,61,868,24.2,30.1,17.8,-6.31,Forest,Scansorial,60.384433571107266,0.615566428892734
Uromys hadrourus,178,38,172,21,28.2,12.6,-16.44,Forest,Scansorial,37.48238585799044,0.5176141420095632
Zyzomys argurus,100,21,36,25.5,36.8,12.4,-18.19,Savanna,Terrestrial,23.104722621411952,-2.104722621411952
Zyzomys maini,118,27,125,27.1,36,16.8,-13.3,Forest,Terrestrial,26.579044076699383,0.4209559233006175
Zyzomys palatalis,165,28,125,25.9,37.1,13,-17.2,Savanna,Terrestrial,35.020054885869506,-7.020054885869506
Zyzomys pedunculatus,117,26,65,20.6,34.7,4.6,-23.68,Shrubland,Terrestrial,26.236575802249714,-0.23657580224971397
Zyzomys woodwardi,138,28,145,26.9,36,15.8,-15.4,Savanna,Terrestrial,30.22525433655876,-2.225254336558759
